{
  "n_functions": 2006,
  "c3v2_affected_dims": 3,
  "c3v2_affected_dim_indices": [
    17,
    24,
    25
  ],
  "cos_on_mean": 0.9327759557987365,
  "cos_off_mean": 0.9368644158301995,
  "delta_cos": -0.004088460031463015,
  "cv_gini": 0.5493315680043231,
  "top10_cv_dims": [
    35,
    40,
    44,
    31,
    48,
    28,
    8,
    34,
    41,
    15
  ]
}