{
  "model": "codebert",
  "n_layers": 12,
  "commitment": {
    "n_layers": 12,
    "l_c": 6.0,
    "l_0": 2.0,
    "committed_at": "2026-03-27T21:24:34.120924",
    "formula": "tanh((l - l_c) / l_0)",
    "source": "Paper I §6.3 具体例"
  },
  "phi": [
    0.0,
    0.031294405460357666,
    0.0362510085105896,
    0.039550185203552246,
    0.03385967016220093,
    0.027796030044555664,
    0.03675258159637451,
    0.0393834114074707,
    0.04705095291137695,
    0.038878560066223145,
    0.040650248527526855,
    0.03589969873428345,
    0.15903007984161377
  ],
  "F_pred": [
    0.0,
    0.0004160939619582838,
    0.0012805818265161195,
    0.003573490518470872,
    0.00711009634181921,
    0.010930062406996803,
    0.018376290798187256,
    0.01548649730893489,
    0.009880096485634041,
    0.0035128069578791842,
    0.0014359867944779526,
    0.0004773264632996182,
    0.0007844983390701428
  ],
  "G": {
    "CKA変化": [
      0.031294405460357666,
      0.021505534648895264,
      0.004553079605102539,
      0.0003822445869445801,
      0.0003609657287597656,
      0.0017295479774475098,
      0.0027735233306884766,
      0.0009018778800964355,
      0.0005630254745483398,
      0.0009326934814453125,
      0.0003306269645690918,
      0.09432363510131836,
      0.0998392105102539
    ],
    "固有値分散": [
      0.040870229713618755,
      0.040870229713618755,
      0.012316226959228516,
      0.008816588670015335,
      0.012951400130987167,
      0.05066825449466705,
      0.008262015879154205,
      0.0025928467512130737,
      0.0038707032799720764,
      0.019259661436080933,
      0.006132856011390686,
      0.029325678944587708,
      0.04033114016056061
    ],
    "cos不連続": [
      0.40442943572998047,
      0.40442943572998047,
      0.03168982267379761,
      0.009092390537261963,
      0.011048316955566406,
      0.011895835399627686,
      0.01003575325012207,
      0.009712278842926025,
      0.009759068489074707,
      0.010411620140075684,
      0.015883922576904297,
      0.05096691846847534,
      0.37086033821105957
    ]
  },
  "alpha": [
    -0.9950547536867305,
    -0.9866142981514303,
    -0.9640275800758169,
    -0.9051482536448664,
    -0.7615941559557649,
    -0.46211715726000974,
    0.0,
    0.46211715726000974,
    0.7615941559557649,
    0.9051482536448664,
    0.9640275800758169,
    0.9866142981514303,
    0.9950547536867305
  ],
  "dalpha": [
    0.004933018582720106,
    0.013296113341580262,
    0.035325412426582214,
    0.09035331946182429,
    0.20998717080701307,
    0.3932238664829637,
    0.5,
    0.3932238664829637,
    0.20998717080701307,
    0.09035331946182429,
    0.035325412426582214,
    0.013296113341580262,
    0.004933018582720106
  ],
  "tests": {
    "CKA変化": {
      "rho_main": -0.5604395604395606,
      "p_main": 0.9777022297770223,
      "r2_main": 0.21496884867162988,
      "rho_phi": -0.2912087912087912,
      "p_phi": 0.8402159784021598,
      "r2_phi": 0.34114543531933,
      "rho_dalpha": -0.5678866455446717,
      "p_dalpha": 0.9765023497650235,
      "r2_dalpha": 0.22032216876522398,
      "rho_uniform": NaN,
      "r2_uniform": 0.0,
      "delta_r2_phi": -0.12617658664770012,
      "delta_r2_dalpha": -0.0053533200935940994,
      "peak_F": 6,
      "peak_G": 12,
      "peak_diff": 6,
      "significant": false,
      "additive": false
    },
    "固有値分散": {
      "rho_main": -0.5584599505989404,
      "p_main": 0.9758024197580242,
      "r2_main": 0.15474013405267237,
      "rho_phi": -0.6492440804992607,
      "p_phi": 0.9918008199180082,
      "r2_phi": 0.016090355065496345,
      "rho_dalpha": -0.4854485663501675,
      "p_dalpha": 0.9538046195380462,
      "r2_dalpha": 0.06938159488105897,
      "rho_uniform": NaN,
      "r2_uniform": 0.0,
      "delta_r2_phi": 0.138649778987176,
      "delta_r2_dalpha": 0.0853585391716134,
      "peak_F": 6,
      "peak_G": 5,
      "peak_diff": 1,
      "significant": false,
      "additive": true
    },
    "cos不連続": {
      "rho_main": -0.8390654430181124,
      "p_main": 1.0,
      "r2_main": 0.26550580584632744,
      "rho_phi": -0.4511696152621982,
      "p_phi": 0.94000599940006,
      "r2_phi": 0.06955557450038723,
      "rho_dalpha": -0.7961356488142747,
      "p_dalpha": 0.9995000499950005,
      "r2_dalpha": 0.260738838643784,
      "rho_uniform": NaN,
      "r2_uniform": 0.0,
      "delta_r2_phi": 0.1959502313459402,
      "delta_r2_dalpha": 0.004766967202543437,
      "peak_F": 6,
      "peak_G": 0,
      "peak_diff": 6,
      "significant": false,
      "additive": true
    }
  }
}