{
  "experiment": "phase_c_v3_ablation_partial",
  "condition": "A",
  "data_path": "phase_c_condition_A_full.jsonl",
  "n_pairs": 1000,
  "elapsed_minutes": 1233.6,
  "max_len": 512,
  "results": {
    "baseline": {
      "lambda": 0.0,
      "max_len": 512,
      "train_batch_size": 4,
      "eval_batch_size": 8,
      "mean_acc": 0.8709999999999999,
      "mean_f1": 0.8702297537216918,
      "mean_rho": 0.7609563535640038,
      "mean_rho_ccl": 0.6294189384569258,
      "mean_rho_logits": 0.7609563535640038,
      "mean_rho_ccl_logits": 0.6294189384569258,
      "mean_partial_rho": 0.7073362596903111,
      "mean_partial_rho_ccl": 0.5480961678220517,
      "mean_r_at_1": 0.5559999999999999,
      "mean_r_at_5": 0.782,
      "mean_r_at_10": 0.8539999999999999,
      "folds": [
        {
          "fold": 0,
          "acc": 0.875,
          "f1": 0.8768472906403941,
          "rho": 0.7858880301566623,
          "rho_ccl": 0.5913452706479716,
          "rho_logits": 0.7858880301566623,
          "rho_ccl_logits": 0.5913452706479716,
          "partial_rho": 0.749934739558618,
          "partial_rho_ccl": 0.5341711545907523,
          "r_at_1": 0.46,
          "r_at_5": 0.82,
          "r_at_10": 0.88,
          "elapsed_sec": 3665.1,
          "max_len": 512,
          "train_batch_size": 4,
          "eval_batch_size": 8
        },
        {
          "fold": 1,
          "acc": 0.88,
          "f1": 0.8787878787878788,
          "rho": 0.7198187337767206,
          "rho_ccl": 0.6420395745624444,
          "rho_logits": 0.7198187337767206,
          "rho_ccl_logits": 0.6420395745624444,
          "partial_rho": 0.6496594480199672,
          "partial_rho_ccl": 0.5261529966998829,
          "r_at_1": 0.65,
          "r_at_5": 0.77,
          "r_at_10": 0.87,
          "elapsed_sec": 3663.6,
          "max_len": 512,
          "train_batch_size": 4,
          "eval_batch_size": 8
        },
        {
          "fold": 2,
          "acc": 0.855,
          "f1": 0.8542713567839196,
          "rho": 0.7521608249163841,
          "rho_ccl": 0.6259475155078188,
          "rho_logits": 0.7521608249163841,
          "rho_ccl_logits": 0.6259475155078188,
          "partial_rho": 0.686870130437982,
          "partial_rho_ccl": 0.5396648489954787,
          "r_at_1": 0.42,
          "r_at_5": 0.74,
          "r_at_10": 0.81,
          "elapsed_sec": 3664.4,
          "max_len": 512,
          "train_batch_size": 4,
          "eval_batch_size": 8
        },
        {
          "fold": 3,
          "acc": 0.86,
          "f1": 0.8556701030927835,
          "rho": 0.7676368349758654,
          "rho_ccl": 0.6394916433553485,
          "rho_logits": 0.7676368349758654,
          "rho_ccl_logits": 0.6394916433553485,
          "partial_rho": 0.721873735826519,
          "partial_rho_ccl": 0.5625342745434647,
          "r_at_1": 0.69,
          "r_at_5": 0.82,
          "r_at_10": 0.82,
          "elapsed_sec": 3663.2,
          "max_len": 512,
          "train_batch_size": 4,
          "eval_batch_size": 8
        },
        {
          "fold": 4,
          "acc": 0.885,
          "f1": 0.8855721393034826,
          "rho": 0.7792773439943866,
          "rho_ccl": 0.6482706882110455,
          "rho_logits": 0.7792773439943866,
          "rho_ccl_logits": 0.6482706882110455,
          "partial_rho": 0.7283432446084691,
          "partial_rho_ccl": 0.5779575642806801,
          "r_at_1": 0.56,
          "r_at_5": 0.76,
          "r_at_10": 0.89,
          "elapsed_sec": 3663.3,
          "max_len": 512,
          "train_batch_size": 4,
          "eval_batch_size": 8
        }
      ]
    },
    "lxi_0.01": {
      "lambda": 0.01,
      "max_len": 512,
      "train_batch_size": 4,
      "eval_batch_size": 8,
      "mean_acc": 0.8880000000000001,
      "mean_f1": 0.8858449139197685,
      "mean_rho": 0.7803878189872883,
      "mean_rho_ccl": 0.6429946792429663,
      "mean_rho_logits": 0.7803878189872883,
      "mean_rho_ccl_logits": 0.6429946792429663,
      "mean_partial_rho": 0.7295323412302401,
      "mean_partial_rho_ccl": 0.5334085150961754,
      "mean_r_at_1": 0.52,
      "mean_r_at_5": 0.764,
      "mean_r_at_10": 0.858,
      "folds": [
        {
          "fold": 0,
          "acc": 0.865,
          "f1": 0.864321608040201,
          "rho": 0.7928177080248074,
          "rho_ccl": 0.6142782271784576,
          "rho_logits": 0.7928177080248074,
          "rho_ccl_logits": 0.6142782271784576,
          "partial_rho": 0.7584006823107291,
          "partial_rho_ccl": 0.5402184686291488,
          "r_at_1": 0.28,
          "r_at_5": 0.68,
          "r_at_10": 0.82,
          "elapsed_sec": 3714.6,
          "max_len": 512,
          "train_batch_size": 4,
          "eval_batch_size": 8
        },
        {
          "fold": 1,
          "acc": 0.915,
          "f1": 0.9137055837563451,
          "rho": 0.7373923432002493,
          "rho_ccl": 0.6233183721951683,
          "rho_logits": 0.7373923432002493,
          "rho_ccl_logits": 0.6233183721951683,
          "partial_rho": 0.6935504803887222,
          "partial_rho_ccl": 0.5191341524985691,
          "r_at_1": 0.62,
          "r_at_5": 0.9,
          "r_at_10": 0.9,
          "elapsed_sec": 3712.8,
          "max_len": 512,
          "train_batch_size": 4,
          "eval_batch_size": 8
        },
        {
          "fold": 2,
          "acc": 0.86,
          "f1": 0.8585858585858586,
          "rho": 0.7752898887137408,
          "rho_ccl": 0.633963872441591,
          "rho_logits": 0.7752898887137408,
          "rho_ccl_logits": 0.633963872441591,
          "partial_rho": 0.7108072016182997,
          "partial_rho_ccl": 0.5473127085888573,
          "r_at_1": 0.48,
          "r_at_5": 0.63,
          "r_at_10": 0.82,
          "elapsed_sec": 3713.7,
          "max_len": 512,
          "train_batch_size": 4,
          "eval_batch_size": 8
        },
        {
          "fold": 3,
          "acc": 0.89,
          "f1": 0.8817204301075269,
          "rho": 0.8003536374729706,
          "rho_ccl": 0.6751352796308199,
          "rho_logits": 0.8003536374729706,
          "rho_ccl_logits": 0.6751352796308199,
          "partial_rho": 0.7473036943072295,
          "partial_rho_ccl": 0.5228344833647729,
          "r_at_1": 0.66,
          "r_at_5": 0.82,
          "r_at_10": 0.84,
          "elapsed_sec": 3712.1,
          "max_len": 512,
          "train_batch_size": 4,
          "eval_batch_size": 8
        },
        {
          "fold": 4,
          "acc": 0.91,
          "f1": 0.9108910891089109,
          "rho": 0.7960855175246729,
          "rho_ccl": 0.6682776447687945,
          "rho_logits": 0.7960855175246729,
          "rho_ccl_logits": 0.6682776447687945,
          "partial_rho": 0.7375996475262201,
          "partial_rho_ccl": 0.5375427623995289,
          "r_at_1": 0.56,
          "r_at_5": 0.79,
          "r_at_10": 0.91,
          "elapsed_sec": 3711.8,
          "max_len": 512,
          "train_batch_size": 4,
          "eval_batch_size": 8
        }
      ]
    },
    "lxi_0.1": {
      "lambda": 0.1,
      "max_len": 512,
      "train_batch_size": 4,
      "eval_batch_size": 8,
      "mean_acc": 0.8880000000000001,
      "mean_f1": 0.8874835804987413,
      "mean_rho": 0.7816815877416652,
      "mean_rho_ccl": 0.6361053940422632,
      "mean_rho_logits": 0.7816815877416652,
      "mean_rho_ccl_logits": 0.6361053940422632,
      "mean_partial_rho": 0.7348176870386766,
      "mean_partial_rho_ccl": 0.5228571828132091,
      "mean_r_at_1": 0.542,
      "mean_r_at_5": 0.8240000000000001,
      "mean_r_at_10": 0.8699999999999999,
      "folds": [
        {
          "fold": 0,
          "acc": 0.89,
          "f1": 0.8865979381443299,
          "rho": 0.790540859825582,
          "rho_ccl": 0.5834744097398182,
          "rho_logits": 0.790540859825582,
          "rho_ccl_logits": 0.5834744097398182,
          "partial_rho": 0.7562048635747586,
          "partial_rho_ccl": 0.49880100668325666,