{
  "CodeBERT (L11)": {
    "name": "CodeBERT (Layer 11)",
    "spearman_rho": 0.8709882143085413,
    "spearman_p": 1.0234604062844942e-11,
    "mannwhitney_p": 5.215365922472252e-07,
    "pos_cos_mean": 0.9944075077772141,
    "neg_cos_mean": 0.9456566413243611,
    "gap": 0.04875086645285298
  },
  "B0: Random": {
    "name": "B0: Random",
    "spearman_rho": 0.05456442079587846,
    "spearman_p": 0.7555604289497181,
    "mannwhitney_p": 0.4667932481473777,
    "pos_cos_mean": 0.013358952412455535,
    "neg_cos_mean": 0.00962740829142444,
    "gap": 0.0037315441210310947
  },
  "B1: TF-IDF": {
    "name": "B1: TF-IDF",
    "spearman_rho": 0.49692943328426403,
    "spearman_p": 0.0023916019760318523,
    "mannwhitney_p": 0.0023029087145165343,
    "pos_cos_mean": 0.0848959431491747,
    "neg_cos_mean": 0.04811836195198673,
    "gap": 0.03677758119718797
  },
  "B3: Length": {
    "name": "B3: Length",
    "spearman_rho": 0.8616509872204766,
    "spearman_p": 3.0149467088011206e-11,
    "mannwhitney_p": 3.710674079633327e-07,
    "pos_cos_mean": 0.9424856108700611,
    "neg_cos_mean": 0.5096660848253444,
    "gap": 0.43281952604471674
  },
  "B2: BERT": {
    "name": "B2: BERT (Layer 8)",
    "spearman_rho": 0.757482547519254,
    "spearman_p": 1.3809705748589883e-07,
    "mannwhitney_p": 7.920154377306877e-06,
    "pos_cos_mean": 0.9493770807981491,
    "neg_cos_mean": 0.8709583202997844,
    "gap": 0.07841876049836471,
    "all_layers": [
      {
        "name": "BERT L0",
        "spearman_rho": 0.6480619175809951,
        "spearman_p": 2.56304106491284e-05,
        "mannwhitney_p": 0.00016961862465061854,
        "pos_cos_mean": 0.7882493525743485,
        "neg_cos_mean": 0.6530494530995686,
        "gap": 0.13519989947477984
      },
      {
        "name": "BERT L1",
        "spearman_rho": 0.5908714016665984,
        "spearman_p": 0.0001861229756674295,
        "mannwhitney_p": 0.00028029327681617744,
        "pos_cos_mean": 0.8372032195329666,
        "neg_cos_mean": 0.7399918675422669,
        "gap": 0.09721135199069975
      },
      {
        "name": "BERT L2",
        "spearman_rho": 0.5771573493810033,
        "spearman_p": 0.0002836876915128828,
        "mannwhitney_p": 0.00031696423491976906,
        "pos_cos_mean": 0.8782915145158767,
        "neg_cos_mean": 0.7955267031987509,
        "gap": 0.08276481131712587
      },
      {
        "name": "BERT L3",
        "spearman_rho": 0.6518551660855213,
        "spearman_p": 2.2147958732681084e-05,
        "mannwhitney_p": 7.737097791592185e-05,
        "pos_cos_mean": 0.8981905013322831,
        "neg_cos_mean": 0.8161531964937846,
        "gap": 0.08203730483849847
      },
      {
        "name": "BERT L4",
        "spearman_rho": 0.7046688568023877,
        "spearman_p": 2.300120621332951e-06,
        "mannwhitney_p": 3.9075596597787456e-05,
        "pos_cos_mean": 0.9232906967401504,
        "neg_cos_mean": 0.8489577968915304,
        "gap": 0.07433289984862002
      },
      {
        "name": "BERT L5",
        "spearman_rho": 0.7554400290937399,
        "spearman_p": 1.5596120277485258e-07,
        "mannwhitney_p": 1.0688525774934402e-05,
        "pos_cos_mean": 0.9416334807872773,
        "neg_cos_mean": 0.8707604090372721,
        "gap": 0.07087307175000512
      },
      {
        "name": "BERT L6",
        "spearman_rho": 0.7516467805892136,
        "spearman_p": 1.948920893236216e-07,
        "mannwhitney_p": 9.205701222113267e-06,
        "pos_cos_mean": 0.9443222671747208,
        "neg_cos_mean": 0.8723163723945617,
        "gap": 0.07200589478015906
      },
      {
        "name": "BERT L7",
        "spearman_rho": 0.7396834583826306,
        "spearman_p": 3.838231920129075e-07,
        "mannwhitney_p": 9.205701222113267e-06,
        "pos_cos_mean": 0.9458683282136917,
        "neg_cos_mean": 0.8703502734502157,
        "gap": 0.07551805476347606
      },
      {
        "name": "BERT L8",
        "spearman_rho": 0.757482547519254,
        "spearman_p": 1.3809705748589883e-07,
        "mannwhitney_p": 7.920154377306877e-06,
        "pos_cos_mean": 0.9493770807981491,
        "neg_cos_mean": 0.8709583202997844,
        "gap": 0.07841876049836471
      },
      {
        "name": "BERT L9",
        "spearman_rho": 0.7525221456287197,
        "spearman_p": 1.851882377681705e-07,
        "mannwhitney_p": 7.920154377306877e-06,
        "pos_cos_mean": 0.9473810225725174,
        "neg_cos_mean": 0.8648407538731893,
        "gap": 0.08254026869932818
      },
      {
        "name": "BERT L10",
        "spearman_rho": 0.7461028020056751,
        "spearman_p": 2.6804001503550753e-07,
        "mannwhitney_p": 4.293514469971858e-06,
        "pos_cos_mean": 0.9412015289068222,
        "neg_cos_mean": 0.8602856278419495,
        "gap": 0.08091590106487268
      },
      {
        "name": "BERT L11",
        "spearman_rho": 0.7455192253126709,
        "spearman_p": 2.7705379461156886e-07,
        "mannwhitney_p": 9.205701222113267e-06,
        "pos_cos_mean": 0.9412432253360749,
        "neg_cos_mean": 0.8719407717386881,
        "gap": 0.06930245359738674
      },
      {
        "name": "BERT L12",
        "spearman_rho": 0.696498783100331,
        "spearman_p": 3.3683117533504986e-06,
        "mannwhitney_p": 5.151708246713412e-05,
        "pos_cos_mean": 0.9123369753360748,
        "neg_cos_mean": 0.8399718840916951,
        "gap": 0.07236509124437973
      }
    ]
  }
}