{
  "experiment": "phase_c_v3_ablation_partial",
  "condition": "D",
  "data_path": "phase_c_condition_D.jsonl",
  "n_pairs": 938,
  "elapsed_minutes": 1164.2,
  "max_len": 512,
  "results": {
    "baseline": {
      "lambda": 0.0,
      "max_len": 512,
      "train_batch_size": 4,
      "eval_batch_size": 8,
      "mean_acc": 0.7676356809648425,
      "mean_f1": 0.7599513262148787,
      "mean_rho": 0.6110115948189664,
      "mean_rho_ccl": 0.4374270042115662,
      "mean_rho_logits": 0.6110115948189664,
      "mean_rho_ccl_logits": 0.4374270042115662,
      "mean_partial_rho": 0.5572359205053953,
      "mean_partial_rho_ccl": 0.3707824217920054,
      "mean_r_at_1": 0.29071996259934546,
      "mean_r_at_5": 0.5064983637213651,
      "mean_r_at_10": 0.629382889200561,
      "folds": [
        {
          "fold": 0,
          "acc": 0.7712765957446809,
          "f1": 0.7570621468926554,
          "rho": 0.5815597536276081,
          "rho_ccl": 0.49846243556747794,
          "rho_logits": 0.5815597536276081,
          "rho_ccl_logits": 0.49846243556747794,
          "partial_rho": 0.4877338049428285,
          "partial_rho_ccl": 0.419033893376822,
          "r_at_1": 0.3333333333333333,
          "r_at_5": 0.5161290322580645,
          "r_at_10": 0.6559139784946236,
          "elapsed_sec": 3473.5,
          "max_len": 512,
          "train_batch_size": 4,
          "eval_batch_size": 8
        },
        {
          "fold": 1,
          "acc": 0.7180851063829787,
          "f1": 0.7071823204419889,
          "rho": 0.5283075766651844,
          "rho_ccl": 0.3579235363229218,
          "rho_logits": 0.5283075766651844,
          "rho_ccl_logits": 0.3579235363229218,
          "partial_rho": 0.4705394730426019,
          "partial_rho_ccl": 0.3001009559207306,
          "r_at_1": 0.23655913978494625,
          "r_at_5": 0.3548387096774194,
          "r_at_10": 0.5376344086021505,
          "elapsed_sec": 3473.2,
          "max_len": 512,
          "train_batch_size": 4,
          "eval_batch_size": 8
        },
        {
          "fold": 2,
          "acc": 0.7712765957446809,
          "f1": 0.7650273224043715,
          "rho": 0.6420351267191013,
          "rho_ccl": 0.4094416787308731,
          "rho_logits": 0.6420351267191013,
          "rho_ccl_logits": 0.4094416787308731,
          "partial_rho": 0.5845211246943608,
          "partial_rho_ccl": 0.3384064135002808,
          "r_at_1": 0.3548387096774194,
          "r_at_5": 0.5806451612903226,
          "r_at_10": 0.6559139784946236,
          "elapsed_sec": 3474.0,
          "max_len": 512,
          "train_batch_size": 4,
          "eval_batch_size": 8
        },
        {
          "fold": 3,
          "acc": 0.786096256684492,
          "f1": 0.7959183673469388,
          "rho": 0.6857370250681677,
          "rho_ccl": 0.517583137222208,
          "rho_logits": 0.6857370250681677,
          "rho_ccl_logits": 0.517583137222208,
          "partial_rho": 0.6619359811347589,
          "partial_rho_ccl": 0.4386251129758174,
          "r_at_1": 0.34408602150537637,
          "r_at_5": 0.5591397849462365,
          "r_at_10": 0.6344086021505376,
          "elapsed_sec": 3477.1,
          "max_len": 512,
          "train_batch_size": 4,
          "eval_batch_size": 8
        },
        {
          "fold": 4,
          "acc": 0.7914438502673797,
          "f1": 0.7745664739884393,
          "rho": 0.6174184920147704,
          "rho_ccl": 0.40372423321435047,
          "rho_logits": 0.6174184920147704,
          "rho_ccl_logits": 0.40372423321435047,
          "partial_rho": 0.5814492187124265,
          "partial_rho_ccl": 0.35774573318637637,
          "r_at_1": 0.18478260869565216,
          "r_at_5": 0.5217391304347826,
          "r_at_10": 0.6630434782608695,
          "elapsed_sec": 3475.9,
          "max_len": 512,
          "train_batch_size": 4,
          "eval_batch_size": 8
        }
      ]
    },
    "lxi_0.01": {
      "lambda": 0.01,
      "max_len": 512,
      "train_batch_size": 4,
      "eval_batch_size": 8,
      "mean_acc": 0.8283763795653657,
      "mean_f1": 0.8261312153778239,
      "mean_rho": 0.6745286603986653,
      "mean_rho_ccl": 0.4815337341407555,
      "mean_rho_logits": 0.6745286603986653,
      "mean_rho_ccl_logits": 0.4815337341407555,
      "mean_partial_rho": 0.6348414740198223,
      "mean_partial_rho_ccl": 0.4174387235869256,
      "mean_r_at_1": 0.2971014492753623,
      "mean_r_at_5": 0.6012155212716223,
      "mean_r_at_10": 0.7263908368396448,
      "folds": [
        {
          "fold": 0,
          "acc": 0.8138297872340425,
          "f1": 0.8,
          "rho": 0.6559016405074964,
          "rho_ccl": 0.5781623097328652,
          "rho_logits": 0.6559016405074964,
          "rho_ccl_logits": 0.5781623097328652,
          "partial_rho": 0.5886753231742854,
          "partial_rho_ccl": 0.5150937228534224,
          "r_at_1": 0.3870967741935484,
          "r_at_5": 0.7204301075268817,
          "r_at_10": 0.7526881720430108,
          "elapsed_sec": 3497.8,
          "max_len": 512,
          "train_batch_size": 4,
          "eval_batch_size": 8
        },
        {
          "fold": 1,
          "acc": 0.8191489361702128,
          "f1": 0.8152173913043478,
          "rho": 0.6242552665370167,
          "rho_ccl": 0.4291684304256711,
          "rho_logits": 0.6242552665370167,
          "rho_ccl_logits": 0.4291684304256711,
          "partial_rho": 0.5827070996032196,
          "partial_rho_ccl": 0.371230632807604,
          "r_at_1": 0.13978494623655913,
          "r_at_5": 0.4838709677419355,
          "r_at_10": 0.5698924731182796,
          "elapsed_sec": 3497.6,
          "max_len": 512,
          "train_batch_size": 4,
          "eval_batch_size": 8
        },
        {
          "fold": 2,
          "acc": 0.8351063829787234,
          "f1": 0.837696335078534,
          "rho": 0.6973188432124743,
          "rho_ccl": 0.43997579890792704,
          "rho_logits": 0.6973188432124743,
          "rho_ccl_logits": 0.43997579890792704,
          "partial_rho": 0.6583960358047871,
          "partial_rho_ccl": 0.36876181807345754,
          "r_at_1": 0.3655913978494624,
          "r_at_5": 0.6344086021505376,
          "r_at_10": 0.7526881720430108,
          "elapsed_sec": 3497.3,
          "max_len": 512,
          "train_batch_size": 4,
          "eval_batch_size": 8
        },
        {
          "fold": 3,
          "acc": 0.8288770053475936,
          "f1": 0.8415841584158416,
          "rho": 0.7295390910998146,
          "rho_ccl": 0.540302547885479,
          "rho_logits": 0.7295390910998146,
          "rho_ccl_logits": 0.540302547885479,
          "partial_rho": 0.7099946322149683,
          "partial_rho_ccl": 0.4650070882289521,
          "r_at_1": 0.44086021505376344,
          "r_at_5": 0.6021505376344086,
          "r_at_10": 0.7849462365591398,
          "elapsed_sec": 3499.7,
          "max_len": 512,
          "train_batch_size": 4,
          "eval_batch_size": 8
        },
        {
          "fold": 4,
          "acc": 0.8449197860962567,
          "f1": 0.8361581920903954,
          "rho": 0.6656284606365244,
          "rho_ccl": 0.4200595837518351,
          "rho_logits": 0.6656284606365244,
          "rho_ccl_logits": 0.4200595837518351,
          "partial_rho": 0.6344342793018513,
          "partial_rho_ccl": 0.36710035597119206,
          "r_at_1": 0.15217391304347827,
          "r_at_5": 0.5652173913043478,
          "r_at_10": 0.7717391304347826,
          "elapsed_sec": 3498.9,
          "max_len": 512,
          "train_batch_size": 4,
          "eval_batch_size": 8
        }
      ]
    },
    "lxi_0.1": {
      "lambda": 0.1,
      "max_len": 512,
      "train_batch_size": 4,
      "eval_batch_size": 8,
      "mean_acc": 0.8613949254750256,
      "mean_f1": 0.8592850104682599,
      "mean_rho": 0.7290952334692486,
      "mean_rho_ccl": 0.5036942447245577,
      "mean_rho_logits": 0.7290952334692486,