{
  "experiment": "phase_c_v3_ablation_partial",
  "condition": "B",
  "data_path": "phase_c_condition_B.jsonl",
  "n_pairs": 938,
  "elapsed_minutes": 2086.1,
  "max_len": 768,
  "results": {
    "baseline": {
      "lambda": 0.0,
      "max_len": 1024,
      "train_batch_size": 4,
      "eval_batch_size": 8,
      "mean_acc": 0.8678120377744907,
      "mean_f1": 0.8624966729204979,
      "mean_rho": 0.7624458004192926,
      "mean_rho_ccl": 0.5051907645055433,
      "mean_rho_logits": 0.7624465829584689,
      "mean_rho_ccl_logits": 0.5051093491880764,
      "mean_partial_rho": 0.7235698082173319,
      "mean_partial_rho_ccl": 0.4509373875408902,
      "mean_r_at_1": 0.5280738662926601,
      "mean_r_at_5": 0.7650537634408602,
      "mean_r_at_10": 0.8212014960261804,
      "folds": [
        {
          "fold": 0,
          "acc": 0.851063829787234,
          "f1": 0.8494623655913979,
          "rho": 0.7255093545095487,
          "rho_ccl": 0.5607813226786847,
          "rho_logits": 0.7255021476983625,
          "rho_ccl_logits": 0.5605101893114068,
          "partial_rho": 0.6619641172877834,
          "partial_rho_ccl": 0.5021970103321792,
          "r_at_1": 0.3763440860215054,
          "r_at_5": 0.7741935483870968,
          "r_at_10": 0.8172043010752689,
          "elapsed_sec": 8040.1,
          "max_len": 1024,
          "train_batch_size": 4,
          "eval_batch_size": 8
        },
        {
          "fold": 1,
          "acc": 0.8351063829787234,
          "f1": 0.8248587570621468,
          "rho": 0.7605082934434851,
          "rho_ccl": 0.521356932509589,
          "rho_logits": 0.7605082934434851,
          "rho_ccl_logits": 0.521356932509589,
          "partial_rho": 0.7132129447523688,
          "partial_rho_ccl": 0.4844385207338899,
          "r_at_1": 0.46236559139784944,
          "r_at_5": 0.6666666666666666,
          "r_at_10": 0.7526881720430108,
          "elapsed_sec": 8039.3,
          "max_len": 1024,
          "train_batch_size": 4,
          "eval_batch_size": 8
        },
        {
          "fold": 2,
          "acc": 0.9095744680851063,
          "f1": 0.9060773480662984,
          "rho": 0.8284066097822115,
          "rho_ccl": 0.5143902114876594,
          "rho_logits": 0.8284066097822115,
          "rho_ccl_logits": 0.5143902114876594,
          "partial_rho": 0.7911794385568193,
          "partial_rho_ccl": 0.44456544706857587,
          "r_at_1": 0.7741935483870968,
          "r_at_5": 0.8494623655913979,
          "r_at_10": 0.8924731182795699,
          "elapsed_sec": 8039.4,
          "max_len": 1024,
          "train_batch_size": 4,
          "eval_batch_size": 8
        },
        {
          "fold": 3,
          "acc": 0.8502673796791443,
          "f1": 0.8444444444444444,
          "rho": 0.7510364191134462,
          "rho_ccl": 0.5204874943380841,
          "rho_logits": 0.7509438871795884,
          "rho_ccl_logits": 0.5202961325660255,
          "partial_rho": 0.7324069537198656,
          "partial_rho_ccl": 0.4649813962664073,
          "r_at_1": 0.4731182795698925,
          "r_at_5": 0.7849462365591398,
          "r_at_10": 0.7849462365591398,
          "elapsed_sec": 8047.0,
          "max_len": 1024,
          "train_batch_size": 4,
          "eval_batch_size": 8
        },
        {
          "fold": 4,
          "acc": 0.893048128342246,
          "f1": 0.8876404494382022,
          "rho": 0.7467683252477714,
          "rho_ccl": 0.4089378615136997,
          "rho_logits": 0.7468719766886966,
          "rho_ccl_logits": 0.408993280065701,
          "partial_rho": 0.7190855867698221,
          "partial_rho_ccl": 0.3585045633033987,
          "r_at_1": 0.5543478260869565,
          "r_at_5": 0.75,
          "r_at_10": 0.8586956521739131,
          "elapsed_sec": 8046.6,
          "max_len": 1024,
          "train_batch_size": 4,
          "eval_batch_size": 8
        }
      ]
    },
    "lxi_0.01": {
      "lambda": 0.01,
      "max_len": 768,
      "train_batch_size": 1,
      "eval_batch_size": 1,
      "mean_acc": 0.8635055182614633,
      "mean_f1": 0.8592878302038527,
      "mean_rho": 0.7606534326266796,
      "mean_rho_ccl": 0.49859709633866356,
      "mean_rho_logits": 0.7612763726003113,
      "mean_rho_ccl_logits": 0.498921250373251,
      "mean_partial_rho": 0.7232258192144038,
      "mean_partial_rho_ccl": 0.4420626380591723,
      "mean_r_at_1": 0.6013323983169705,
      "mean_r_at_5": 0.7543945769050959,
      "mean_r_at_10": 0.8448340345956054,
      "folds": [
        {
          "fold": 0,
          "acc": 0.8670212765957447,
          "f1": 0.8603351955307262,
          "rho": 0.7501142978316798,
          "rho_ccl": 0.5270043317773521,
          "rho_logits": 0.749933718436631,
          "rho_ccl_logits": 0.5271445139450047,
          "partial_rho": 0.6836487380950016,
          "partial_rho_ccl": 0.4532959007634014,
          "r_at_1": 0.6881720430107527,
          "r_at_5": 0.7849462365591398,
          "r_at_10": 0.8387096774193549,
          "elapsed_sec": 5663.3,
          "max_len": 768,
          "train_batch_size": 1,
          "eval_batch_size": 1
        },
        {
          "fold": 1,
          "acc": 0.8297872340425532,
          "f1": 0.8222222222222222,
          "rho": 0.7415114119651479,
          "rho_ccl": 0.46231859195582065,
          "rho_logits": 0.7414260166100239,
          "rho_ccl_logits": 0.4621574560338273,
          "partial_rho": 0.6954598731820257,
          "partial_rho_ccl": 0.41884065038007456,
          "r_at_1": 0.43010752688172044,
          "r_at_5": 0.5806451612903226,
          "r_at_10": 0.7956989247311828,
          "elapsed_sec": 5663.9,
          "max_len": 768,
          "train_batch_size": 1,
          "eval_batch_size": 1
        },
        {
          "fold": 2,
          "acc": 0.925531914893617,
          "f1": 0.9239130434782609,
          "rho": 0.829177787139043,
          "rho_ccl": 0.5345536065464643,
          "rho_logits": 0.8291965647148727,
          "rho_ccl_logits": 0.5335789006691957,
          "partial_rho": 0.8056468595250582,
          "partial_rho_ccl": 0.4693486218111419,
          "r_at_1": 0.7311827956989247,
          "r_at_5": 0.8817204301075269,
          "r_at_10": 0.9354838709677419,
          "elapsed_sec": 5662.9,
          "max_len": 768,
          "train_batch_size": 1,
          "eval_batch_size": 1
        },
        {
          "fold": 3,
          "acc": 0.8181818181818182,
          "f1": 0.8229166666666666,
          "rho": 0.744331765593869,
          "rho_ccl": 0.5542233702393525,
          "rho_logits": 0.7461635616751757,
          "rho_ccl_logits": 0.5546447774669646,
          "partial_rho": 0.7184176672780714,
          "partial_rho_ccl": 0.5042699124179347,
          "r_at_1": 0.5376344086021505,
          "r_at_5": 0.7311827956989247,
          "r_at_10": 0.8064516129032258,
          "elapsed_sec": 5664.6,
          "max_len": 768,
          "train_batch_size": 1,
          "eval_batch_size": 1
        },
        {
          "fold": 4,
          "acc": 0.8770053475935828,
          "f1": 0.8670520231213873,
          "rho": 0.7381319006036584,
          "rho_ccl": 0.414885581174328,
          "rho_logits": 0.7396620015648532,
          "rho_ccl_logits": 0.41708060375126266,
          "partial_rho": 0.7129559579918618,
          "partial_rho_ccl": 0.3645581049233088,
          "r_at_1": 0.6195652173913043,
          "r_at_5": 0.7934782608695652,
          "r_at_10": 0.8478260869565217,
          "elapsed_sec": 5662.5,
          "max_len": 768,
          "train_batch_size": 1,
          "eval_batch_size": 1
        }
      ]
    },
    "lxi_0.1": {
      "lambda": 0.1,
      "max_len": 768,
      "train_batch_size": 1,
      "eval_batch_size": 1,
      "mean_acc": 0.8912674934577313,
      "mean_f1": 0.8899978960713361,
      "mean_rho": 0.782928682866816,
      "mean_rho_ccl": 0.5104805542660185,
      "mean_rho_logits": 0.7835882346489627,