{
  "experiment": "phase_c_v3_ablation_partial",
  "condition": "B",
  "data_path": "phase_c_condition_B.jsonl",
  "n_pairs": 938,
  "elapsed_minutes": 1610.7,
  "max_len": 768,
  "results": {
    "baseline": {
      "lambda": 0.0,
      "max_len": 1024,
      "train_batch_size": 4,
      "eval_batch_size": 8,
      "mean_acc": 0.8528558425304358,
      "mean_f1": 0.8465853198050318,
      "mean_rho": 0.7625001220995891,
      "mean_rho_ccl": 0.48807039751520875,
      "mean_rho_logits": 0.7624953121222479,
      "mean_rho_ccl_logits": 0.4879801291116034,
      "mean_partial_rho": 0.7184916078710665,
      "mean_partial_rho_ccl": 0.4301382146077909,
      "mean_r_at_1": 0.47594670406732115,
      "mean_r_at_5": 0.7412575970079477,
      "mean_r_at_10": 0.7995558672276765,
      "folds": [
        {
          "fold": 0,
          "acc": 0.8404255319148937,
          "f1": 0.8369565217391305,
          "rho": 0.7386427247132926,
          "rho_ccl": 0.5349227999617747,
          "rho_logits": 0.738708994773895,
          "rho_ccl_logits": 0.5346916592211302,
          "partial_rho": 0.6587358741789533,
          "partial_rho_ccl": 0.46423469452255434,
          "r_at_1": 0.2903225806451613,
          "r_at_5": 0.7311827956989247,
          "r_at_10": 0.8064516129032258,
          "elapsed_sec": 8040.2,
          "max_len": 1024,
          "train_batch_size": 4,
          "eval_batch_size": 8
        },
        {
          "fold": 1,
          "acc": 0.8457446808510638,
          "f1": 0.8342857142857143,
          "rho": 0.7423258512511991,
          "rho_ccl": 0.49125053732890483,
          "rho_logits": 0.7423258512511991,
          "rho_ccl_logits": 0.49125053732890483,
          "partial_rho": 0.6998954320606386,
          "partial_rho_ccl": 0.4607779926928862,
          "r_at_1": 0.3870967741935484,
          "r_at_5": 0.7741935483870968,
          "r_at_10": 0.7849462365591398,
          "elapsed_sec": 8039.6,
          "max_len": 1024,
          "train_batch_size": 4,
          "eval_batch_size": 8
        },
        {
          "fold": 2,
          "acc": 0.8936170212765957,
          "f1": 0.8888888888888888,
          "rho": 0.8039194297891259,
          "rho_ccl": 0.4913986728858202,
          "rho_logits": 0.8039194297891259,
          "rho_ccl_logits": 0.4913986728858202,
          "partial_rho": 0.7704075942801645,
          "partial_rho_ccl": 0.41894359291105226,
          "r_at_1": 0.8064516129032258,
          "r_at_5": 0.8387096774193549,
          "r_at_10": 0.8709677419354839,
          "elapsed_sec": 8040.3,
          "max_len": 1024,
          "train_batch_size": 4,
          "eval_batch_size": 8
        },
        {
          "fold": 3,
          "acc": 0.839572192513369,
          "f1": 0.8404255319148937,
          "rho": 0.7799403929919295,
          "rho_ccl": 0.4911865203051658,
          "rho_logits": 0.7799403929919295,
          "rho_ccl_logits": 0.4911865203051658,
          "partial_rho": 0.7525880088163384,
          "partial_rho_ccl": 0.43280221317905915,
          "r_at_1": 0.5806451612903226,
          "r_at_5": 0.6774193548387096,
          "r_at_10": 0.7419354838709677,
          "elapsed_sec": 8047.5,
          "max_len": 1024,
          "train_batch_size": 4,
          "eval_batch_size": 8
        },
        {
          "fold": 4,
          "acc": 0.8449197860962567,
          "f1": 0.8323699421965318,
          "rho": 0.7476722117523978,
          "rho_ccl": 0.4315934570943782,
          "rho_logits": 0.7475818918050897,
          "rho_ccl_logits": 0.4313732558169957,
          "partial_rho": 0.7108311300192383,
          "partial_rho_ccl": 0.37393257973340277,
          "r_at_1": 0.31521739130434784,
          "r_at_5": 0.6847826086956522,
          "r_at_10": 0.7934782608695652,
          "elapsed_sec": 8047.1,
          "max_len": 1024,
          "train_batch_size": 4,
          "eval_batch_size": 8
        }
      ]
    },
    "lxi_0.01": {
      "lambda": 0.01,
      "max_len": 768,
      "train_batch_size": 1,
      "eval_batch_size": 1,
      "mean_acc": 0.8656331778359313,
      "mean_f1": 0.8603371692608347,
      "mean_rho": 0.7540177853054211,
      "mean_rho_ccl": 0.4901230808722442,
      "mean_rho_logits": 0.7539933421567196,
      "mean_rho_ccl_logits": 0.4891344377674403,
      "mean_partial_rho": 0.7181720222839845,
      "mean_partial_rho_ccl": 0.44084471388732827,
      "mean_r_at_1": 0.566783543712015,
      "mean_r_at_5": 0.7607994389901823,
      "mean_r_at_10": 0.8275596072931275,
      "folds": [
        {
          "fold": 0,
          "acc": 0.8563829787234043,
          "f1": 0.8540540540540541,
          "rho": 0.7250266028716984,
          "rho_ccl": 0.5209310690834238,
          "rho_logits": 0.7270842136142301,
          "rho_ccl_logits": 0.5200594718213973,
          "partial_rho": 0.6506054885655972,
          "partial_rho_ccl": 0.45343918975125685,
          "r_at_1": 0.6451612903225806,
          "r_at_5": 0.7741935483870968,
          "r_at_10": 0.8279569892473119,
          "elapsed_sec": 5639.4,
          "max_len": 768,
          "train_batch_size": 1,
          "eval_batch_size": 1
        },
        {
          "fold": 1,
          "acc": 0.851063829787234,
          "f1": 0.8426966292134831,
          "rho": 0.7264531924436118,
          "rho_ccl": 0.4637709498005611,
          "rho_logits": 0.7260058539278964,
          "rho_ccl_logits": 0.4633736658913616,
          "partial_rho": 0.6857959173353415,
          "partial_rho_ccl": 0.4411358353786388,
          "r_at_1": 0.3763440860215054,
          "r_at_5": 0.6666666666666666,
          "r_at_10": 0.7634408602150538,
          "elapsed_sec": 5638.6,
          "max_len": 768,
          "train_batch_size": 1,
          "eval_batch_size": 1
        },
        {
          "fold": 2,
          "acc": 0.925531914893617,
          "f1": 0.9230769230769231,
          "rho": 0.8157300761789014,
          "rho_ccl": 0.5113871265915955,
          "rho_logits": 0.8157111243730858,
          "rho_ccl_logits": 0.5111061376353616,
          "partial_rho": 0.794978384297457,
          "partial_rho_ccl": 0.4485567276556012,
          "r_at_1": 0.6881720430107527,
          "r_at_5": 0.9032258064516129,
          "r_at_10": 0.946236559139785,
          "elapsed_sec": 5641.3,
          "max_len": 768,
          "train_batch_size": 1,
          "eval_batch_size": 1
        },
        {
          "fold": 3,
          "acc": 0.8288770053475936,
          "f1": 0.8297872340425532,
          "rho": 0.7498576954898404,
          "rho_ccl": 0.5180819139602818,
          "rho_logits": 0.7482566784565285,
          "rho_ccl_logits": 0.5145317714020636,
          "partial_rho": 0.7358781245587289,
          "partial_rho_ccl": 0.4769428399711883,
          "r_at_1": 0.5698924731182796,
          "r_at_5": 0.6881720430107527,
          "r_at_10": 0.7849462365591398,
          "elapsed_sec": 5644.1,
          "max_len": 768,
          "train_batch_size": 1,
          "eval_batch_size": 1
        },
        {
          "fold": 4,
          "acc": 0.8663101604278075,
          "f1": 0.8520710059171598,
          "rho": 0.7530213595430529,
          "rho_ccl": 0.43644434492535866,
          "rho_logits": 0.7529088404118571,
          "rho_ccl_logits": 0.4366011420870171,
          "partial_rho": 0.7236021966627976,
          "partial_rho_ccl": 0.38414897667995607,
          "r_at_1": 0.5543478260869565,
          "r_at_5": 0.7717391304347826,
          "r_at_10": 0.8152173913043478,
          "elapsed_sec": 5642.1,
          "max_len": 768,
          "train_batch_size": 1,
          "eval_batch_size": 1
        }
      ]
    },
    "lxi_0.1": {
      "lambda": 0.1,
      "max_len": 768,
      "train_batch_size": 1,
      "eval_batch_size": 1,
      "mean_acc": 0.895517123677324,
      "mean_f1": 0.8922178580194069,
      "mean_rho": 0.7862452820931634,
      "mean_rho_ccl": 0.5091073933157103,
      "mean_rho_logits": 0.7862044322357763,