{
  "xi_search": 902828.8641225912,
  "n_functions": 5160,
  "n_dims": 53,
  "dim_variances": [
    6874.793178745019,
    1091.613046691916,
    44.79505678745089,
    34.94467805420422,
    6.100878815876246,
    48.530205366265164,
    0.2499878312601277,
    0.23792556787453267,
    0.010924486208761216,
    0.14056212817738903,
    0.055956335256293045,
    12.434888190312897,
    2.5988416786852415,
    9.451044671294367,
    0.5417627771768186,
    0.14082326783246812,
    3.9499655970195593,
    2.6271947298839002,
    2.05994197313867,
    0.008538024660597204,
    62.600742743822735,
    0.7211104726278204,
    0.3087494366324565,
    0.6959797713479393,
    128.3895587704994,
    0.05378770860869601,
    3.425006760411142,
    1.028911123129617,
    3.553330334249651,
    0.27918600895382445,
    0.03720569677302812,
    0.02037903371191608,
    0.3549936527251372,
    0.9429678204435723,
    0.10408914728682551,
    0.9302445766480404,
    0.1024604515954565,
    0.6000847304849957,
    14.455534523166005,
    14.107927370651618,
    0.023577158824587816,
    0.06104726278468562,
    1.150342489934418,
    0.6419536085571181,
    0.009248092061775029,
    0.021043340557145768,
    0.021059425719715176,
    0.0,
    4.2276180183427796e-05,
    1044.6888128342591,
    9.731532021814076,
    86.09393362027346,
    85.5217781007752
  ],
  "mean_variance": 181.05588720915148,
  "std_variance": 950.1730706153438,
  "gini": 0.953136340565442,
  "top10_dims": [
    0,
    1,
    49,
    24,
    51,
    52,
    20,
    5,
    2,
    3
  ],
  "verdict": "supported"
}