{
  "raw": {
    "xi": 379785.6382798955,
    "gini": 0.952963354307647,
    "cv": 5.245782488058131
  },
  "zscore": {
    "xi": 0.01851192595229673,
    "gini": 0.018867924528443103,
    "cv": 0.1386750490563073
  },
  "minmax": {
    "xi": 0.0017520835726760342,
    "gini": 0.8494867172405562,
    "cv": 2.953123775633804
  },
  "verdict": "artifact",
  "n_functions": 11485,
  "n_dims": 53
}