{"method": "oa_sam", "seed": 48, "cfg": {"lr": 0.1, "momentum": 0.9, "weight_decay": 0.0005, "epochs": 200, "batch_size": 128, "use_sam": true, "rho": 0.05, "lam_base": 0.01, "lam_sign": -1}, "train_loss": [2.11596, 1.59518, 1.31835, 1.06169, 0.89017, 0.78117, 0.67533, 0.60179, 0.54933, 0.5166, 0.48746, 0.46846, 0.44704, 0.43137, 0.41148, 0.40788, 0.39532, 0.38423, 0.37047, 0.35678, 0.34978, 0.34573, 0.33833, 0.32927, 0.33254, 0.32307, 0.31844, 0.3173, 0.31427, 0.30691, 0.30616, 0.30579, 0.2991, 0.29408, 0.28746, 0.28621, 0.28329, 0.2845, 0.28018, 0.2717, 0.27636, 0.26831, 0.26827, 0.26708, 0.26393, 0.26264, 0.2594, 0.25616, 0.25755, 0.24653, 0.24956, 0.25008, 0.24247, 0.24317, 0.24133, 0.23911, 0.23715, 0.23476, 0.23547, 0.22866, 0.22533, 0.22538, 0.21848, 0.22531, 0.21919, 0.22039, 0.21276, 0.21223, 0.20983, 0.20727, 0.20244, 0.19948, 0.20352, 0.19643, 0.18999, 0.19186, 0.18975, 0.1874, 0.18214, 0.18381, 0.17559, 0.18054, 0.17767, 0.17397, 0.16612, 0.1678, 0.16414, 0.16338, 0.16524, 0.15982, 0.15491, 0.15316, 0.14822, 0.14636, 0.14567, 0.14419, 0.13391, 0.13843, 0.13292, 0.1311, 0.12787, 0.12484, 0.12545, 0.11672, 0.11737, 0.11581, 0.11464, 0.11025, 0.10497, 0.09939, 0.1006, 0.09802, 0.09683, 0.09267, 0.0871, 0.08608, 0.07987, 0.08521, 0.07844, 0.07659, 0.07455, 0.06929, 0.06826, 0.06419, 0.06213, 0.06165, 0.05546, 0.05103, 0.05027, 0.0492, 0.04498, 0.0444, 0.04123, 0.0372, 0.03479, 0.03245, 0.03151, 0.02814, 0.02685, 0.02494, 0.02213, 0.02061, 0.01639, 0.01597, 0.01373, 0.01146, 0.00917, 0.00723, 0.00652, 0.00391, 0.00233, 0.00071, -0.0006, -0.00194, -0.00323, -0.0044, -0.00648, -0.00655, -0.00801, -0.00911, -0.01016, -0.01116, -0.01221, -0.01225, -0.01332, -0.01355, -0.01429, -0.01508, -0.01558, -0.01648, -0.01689, -0.01727, -0.01766, -0.01817, -0.01848, -0.01887, -0.01928, -0.01952, -0.01973, -0.0199, -0.02016, -0.02051, -0.02065, -0.02078, -0.02092, -0.0211, -0.02115, -0.02124, -0.02145, -0.02145, -0.02154, -0.0216, -0.02162, -0.02171, -0.02171, -0.02173, -0.02173, -0.02171, -0.02178, -0.02176], "test_acc": [35.88, 44.65, 52.67, 61.04, 69.84, 73.91, 73.91, 78.59, 79.72, 82.72, 72.87, 79.26, 81.37, 81.53, 83.66, 82.36, 84.31, 84.71, 84.16, 86.14, 85.94, 84.48, 84.01, 85.16, 86.16, 86.48, 86.72, 86.47, 85.26, 85.64, 84.65, 87.22, 87.48, 87.09, 87.22, 86.72, 86.34, 85.45, 86.31, 86.92, 87.4, 88.34, 89.22, 87.0, 86.89, 86.68, 87.37, 88.13, 88.27, 87.7, 88.7, 88.74, 89.29, 87.01, 87.93, 89.32, 83.82, 88.62, 87.03, 88.3, 88.39, 89.85, 87.6, 87.95, 89.85, 89.74, 88.52, 89.96, 89.23, 90.66, 90.24, 88.75, 91.05, 90.33, 90.3, 89.79, 88.35, 88.8, 88.88, 90.02, 89.85, 90.51, 89.51, 91.41, 90.62, 90.83, 90.2, 90.85, 89.74, 91.13, 90.64, 90.2, 91.41, 90.76, 91.3, 89.75, 91.63, 92.25, 91.69, 91.36, 91.57, 91.17, 92.02, 92.09, 91.11, 91.9, 91.9, 89.72, 92.52, 92.13, 92.39, 91.98, 91.67, 92.59, 92.59, 92.43, 92.52, 92.68, 93.04, 91.62, 92.9, 93.02, 92.9, 92.96, 93.02, 93.31, 93.36, 93.2, 93.58, 94.0, 93.52, 93.8, 93.33, 94.0, 93.5, 93.47, 93.8, 94.2, 94.0, 94.04, 93.92, 93.92, 94.59, 94.01, 94.38, 93.99, 94.4, 94.34, 94.56, 94.57, 94.68, 94.57, 94.76, 94.97, 95.22, 94.92, 94.72, 95.0, 95.26, 95.28, 95.26, 95.25, 95.32, 95.61, 95.36, 95.4, 95.62, 95.41, 95.62, 95.59, 95.56, 95.7, 95.83, 95.62, 95.64, 95.6, 95.73, 95.79, 95.76, 95.86, 95.92, 95.83, 95.95, 96.07, 96.02, 96.0, 95.91, 96.01, 95.98, 96.05, 96.05, 96.02, 96.09, 96.07, 95.98, 96.11, 96.12, 96.13, 96.2, 96.08], "profiles": [{"epoch": 1, "cka": [0.2198, 0.1389, 0.0723, 0.3385], "grad_phi": [0.7802, 0.0809, 0.0665, -0.2661], "phi": [0.7802, 0.8611, 0.9277, 0.6615]}, {"epoch": 20, "cka": [0.1928, 0.4323, 0.3911, 0.2567], "grad_phi": [0.8072, -0.2395, 0.0413, 0.1343], "phi": [0.8072, 0.5677, 0.6089, 0.7433]}, {"epoch": 40, "cka": [0.2534, 0.485, 0.4095, 0.2235], "grad_phi": [0.7466, -0.2316, 0.0755, 0.186], "phi": [0.7466, 0.515, 0.5905, 0.7765]}, {"epoch": 60, "cka": [0.1988, 0.6728, 0.3737, 0.2728], "grad_phi": [0.8012, -0.4739, 0.2991, 0.1009], "phi": [0.8012, 0.3272, 0.6263, 0.7272]}, {"epoch": 80, "cka": [0.1718, 0.7289, 0.3214, 0.2773], "grad_phi": [0.8282, -0.557, 0.4075, 0.0441], "phi": [0.8282, 0.2711, 0.6786, 0.7227]}, {"epoch": 100, "cka": [0.1502, 0.7735, 0.2284, 0.26], "grad_phi": [0.8498, -0.6233, 0.5451, -0.0316], "phi": [0.8498, 0.2265, 0.7716, 0.74]}, {"epoch": 120, "cka": [0.1409, 0.775, 0.2081, 0.2315], "grad_phi": [0.8591, -0.6341, 0.5669, -0.0233], "phi": [0.8591, 0.225, 0.7919, 0.7685]}, {"epoch": 140, "cka": [0.1242, 0.8463, 0.1061, 0.25], "grad_phi": [0.8758, -0.7221, 0.7401, -0.1438], "phi": [0.8758, 0.1537, 0.8939, 0.75]}, {"epoch": 160, "cka": [0.0834, 0.9003, 0.0648, 0.2402], "grad_phi": [0.9166, -0.8169, 0.8355, -0.1754], "phi": [0.9166, 0.0997, 0.9352, 0.7598]}, {"epoch": 180, "cka": [0.0727, 0.9218, 0.0491, 0.2303], "grad_phi": [0.9273, -0.8492, 0.8727, -0.1812], "phi": [0.9273, 0.0782, 0.9509, 0.7697]}, {"epoch": 200, "cka": [0.0689, 0.9305, 0.0415, 0.2352], "grad_phi": [0.9311, -0.8616, 0.889, -0.1937], "phi": [0.9311, 0.0695, 0.9585, 0.7648]}]}