{"method": "oa_sam", "seed": 47, "cfg": {"lr": 0.1, "momentum": 0.9, "weight_decay": 0.0005, "epochs": 200, "batch_size": 128, "use_sam": true, "rho": 0.05, "lam_base": 0.01, "lam_sign": -1}, "train_loss": [2.16095, 1.59087, 1.3654, 1.10247, 0.86257, 0.71449, 0.62462, 0.57177, 0.53849, 0.51181, 0.48244, 0.46589, 0.4483, 0.42914, 0.41247, 0.39803, 0.38814, 0.38441, 0.36931, 0.36645, 0.3553, 0.35557, 0.35084, 0.34266, 0.33307, 0.33618, 0.32272, 0.3161, 0.31908, 0.31187, 0.30994, 0.30989, 0.30458, 0.29876, 0.3025, 0.30167, 0.28615, 0.28909, 0.28483, 0.28357, 0.27847, 0.27698, 0.26978, 0.26778, 0.2717, 0.26608, 0.26678, 0.26141, 0.2605, 0.25181, 0.25518, 0.25105, 0.24932, 0.24503, 0.24174, 0.24351, 0.23746, 0.23897, 0.23326, 0.23152, 0.2301, 0.2267, 0.22915, 0.22268, 0.22737, 0.21899, 0.21549, 0.21043, 0.21898, 0.20595, 0.20895, 0.20239, 0.20518, 0.19874, 0.19892, 0.19163, 0.19134, 0.18529, 0.18884, 0.18879, 0.18073, 0.17873, 0.1782, 0.17368, 0.16991, 0.16813, 0.16658, 0.16295, 0.16102, 0.1585, 0.16067, 0.15482, 0.15057, 0.1488, 0.14409, 0.14422, 0.13748, 0.13742, 0.14125, 0.13137, 0.13514, 0.12531, 0.12387, 0.12152, 0.1181, 0.11672, 0.1119, 0.11272, 0.10782, 0.10597, 0.10093, 0.09538, 0.09529, 0.09656, 0.08939, 0.08631, 0.08413, 0.08168, 0.07793, 0.07538, 0.07193, 0.06726, 0.06781, 0.06738, 0.05827, 0.0593, 0.05445, 0.05512, 0.04842, 0.04657, 0.04754, 0.04185, 0.0422, 0.03571, 0.03676, 0.03257, 0.02811, 0.0292, 0.02742, 0.02241, 0.02092, 0.01885, 0.01613, 0.01413, 0.01257, 0.01144, 0.00914, 0.00726, 0.00499, 0.0039, 0.00265, 0.00125, -0.00062, -0.0025, -0.00383, -0.00551, -0.00591, -0.00773, -0.00775, -0.00954, -0.00973, -0.01085, -0.01188, -0.01272, -0.01364, -0.01438, -0.01512, -0.01507, -0.01557, -0.01633, -0.01704, -0.01742, -0.01754, -0.01821, -0.01846, -0.01869, -0.0192, -0.01942, -0.01975, -0.01981, -0.02011, -0.02045, -0.02072, -0.02063, -0.02097, -0.02111, -0.02119, -0.0213, -0.02141, -0.02144, -0.0215, -0.0215, -0.02151, -0.02161, -0.02172, -0.02169, -0.02168, -0.02171, -0.0217, -0.02169], "test_acc": [35.81, 45.66, 52.79, 64.12, 72.71, 74.84, 74.48, 81.45, 77.41, 76.49, 77.63, 82.85, 82.65, 82.14, 82.04, 83.93, 83.45, 84.56, 84.45, 85.07, 84.7, 84.14, 83.14, 80.84, 83.76, 84.98, 87.06, 83.2, 85.68, 87.13, 86.35, 86.84, 85.77, 85.53, 86.26, 86.28, 86.36, 86.99, 85.61, 88.52, 86.47, 88.78, 88.31, 87.29, 88.06, 87.37, 87.29, 88.03, 86.93, 87.62, 88.04, 87.66, 87.05, 88.15, 86.35, 87.95, 87.82, 88.23, 89.01, 87.74, 89.21, 87.56, 90.25, 87.88, 88.97, 87.05, 88.76, 89.71, 90.07, 89.61, 89.84, 89.23, 89.28, 88.46, 89.28, 89.31, 88.77, 89.34, 89.72, 89.7, 90.29, 90.58, 88.75, 89.39, 91.12, 90.83, 90.02, 91.23, 90.57, 90.46, 90.86, 90.74, 89.71, 91.62, 89.95, 90.14, 90.73, 90.96, 91.27, 90.84, 91.04, 91.55, 91.73, 91.16, 90.82, 91.79, 90.92, 91.45, 91.42, 92.86, 92.01, 91.11, 91.93, 91.7, 91.72, 92.52, 92.21, 92.58, 92.9, 91.73, 92.51, 93.19, 92.52, 93.06, 92.78, 93.23, 92.61, 93.28, 93.01, 93.09, 92.83, 93.3, 93.51, 93.62, 93.37, 93.15, 93.18, 93.52, 93.76, 93.78, 93.93, 94.0, 93.94, 93.94, 94.16, 94.49, 93.97, 94.35, 94.28, 94.06, 94.66, 94.73, 94.49, 94.44, 94.88, 94.64, 94.96, 94.85, 95.05, 95.09, 95.15, 94.91, 95.19, 95.3, 95.18, 95.39, 95.44, 95.33, 95.38, 95.34, 95.54, 95.48, 95.56, 95.57, 95.47, 95.61, 95.67, 95.53, 95.75, 95.66, 95.73, 95.67, 95.74, 95.72, 95.94, 95.8, 95.93, 95.89, 95.87, 96.01, 95.96, 95.91, 95.98, 96.01, 95.99, 96.01, 95.97, 96.01, 96.03, 96.0], "profiles": [{"epoch": 1, "cka": [0.1349, 0.0464, 0.033, 0.2626], "grad_phi": [0.8651, 0.0884, 0.0134, -0.2297], "phi": [0.8651, 0.9536, 0.967, 0.7374]}, {"epoch": 20, "cka": [0.111, 0.4054, 0.329, 0.2506], "grad_phi": [0.889, -0.2944, 0.0764, 0.0784], "phi": [0.889, 0.5946, 0.671, 0.7494]}, {"epoch": 40, "cka": [0.0681, 0.6452, 0.3953, 0.2317], "grad_phi": [0.9319, -0.5772, 0.2499, 0.1636], "phi": [0.9319, 0.3548, 0.6047, 0.7683]}, {"epoch": 60, "cka": [0.2094, 0.7699, 0.3796, 0.2834], "grad_phi": [0.7906, -0.5605, 0.3903, 0.0963], "phi": [0.7906, 0.2301, 0.6204, 0.7166]}, {"epoch": 80, "cka": [0.0802, 0.7594, 0.3119, 0.2329], "grad_phi": [0.9198, -0.6791, 0.4474, 0.079], "phi": [0.9198, 0.2406, 0.6881, 0.7671]}, {"epoch": 100, "cka": [0.0428, 0.7325, 0.2437, 0.2586], "grad_phi": [0.9572, -0.6898, 0.4889, -0.015], "phi": [0.9572, 0.2675, 0.7563, 0.7414]}, {"epoch": 120, "cka": [0.0449, 0.8268, 0.1152, 0.2419], "grad_phi": [0.9551, -0.782, 0.7116, -0.1267], "phi": [0.9551, 0.1732, 0.8848, 0.7581]}, {"epoch": 140, "cka": [0.0325, 0.8304, 0.0971, 0.2403], "grad_phi": [0.9675, -0.798, 0.7334, -0.1433], "phi": [0.9675, 0.1696, 0.9029, 0.7597]}, {"epoch": 160, "cka": [0.0278, 0.884, 0.0457, 0.242], "grad_phi": [0.9722, -0.8562, 0.8383, -0.1963], "phi": [0.9722, 0.116, 0.9543, 0.758]}, {"epoch": 180, "cka": [0.0218, 0.9104, 0.0392, 0.2419], "grad_phi": [0.9782, -0.8886, 0.8712, -0.2027], "phi": [0.9782, 0.0896, 0.9608, 0.7581]}, {"epoch": 200, "cka": [0.0225, 0.9174, 0.0379, 0.236], "grad_phi": [0.9775, -0.8949, 0.8795, -0.1981], "phi": [0.9775, 0.0826, 0.9621, 0.764]}]}