{"method": "oa_sam", "seed": 49, "cfg": {"lr": 0.1, "momentum": 0.9, "weight_decay": 0.0005, "epochs": 200, "batch_size": 128, "use_sam": true, "rho": 0.05, "lam_base": 0.01, "lam_sign": -1}, "train_loss": [2.19799, 1.56958, 1.24685, 1.00101, 0.82736, 0.69431, 0.61875, 0.5667, 0.5262, 0.49678, 0.47307, 0.45061, 0.43842, 0.41579, 0.41048, 0.39403, 0.38014, 0.3729, 0.36341, 0.35912, 0.34615, 0.34081, 0.33965, 0.33194, 0.32577, 0.3222, 0.31481, 0.30845, 0.30529, 0.30706, 0.29995, 0.29898, 0.29583, 0.29457, 0.28766, 0.28672, 0.28471, 0.27726, 0.2804, 0.26809, 0.27293, 0.2663, 0.26971, 0.26111, 0.26378, 0.26269, 0.25896, 0.25374, 0.25586, 0.24779, 0.24406, 0.25085, 0.2456, 0.23918, 0.24216, 0.23711, 0.23866, 0.22902, 0.23376, 0.22994, 0.22272, 0.22026, 0.22223, 0.22392, 0.21525, 0.21219, 0.21404, 0.21228, 0.20973, 0.20539, 0.20454, 0.20306, 0.19794, 0.20173, 0.19837, 0.19134, 0.19205, 0.18573, 0.18361, 0.18303, 0.17949, 0.17852, 0.17919, 0.17276, 0.17155, 0.16741, 0.16071, 0.16353, 0.16054, 0.15858, 0.1562, 0.15538, 0.14847, 0.1469, 0.14537, 0.13912, 0.13949, 0.13867, 0.13402, 0.13429, 0.1302, 0.1239, 0.12291, 0.12539, 0.12, 0.1155, 0.11049, 0.10957, 0.10804, 0.10806, 0.10375, 0.09698, 0.09283, 0.09373, 0.08698, 0.08914, 0.08779, 0.08168, 0.08007, 0.07504, 0.07172, 0.07372, 0.07126, 0.0636, 0.06029, 0.059, 0.05834, 0.05355, 0.05177, 0.04901, 0.04644, 0.04423, 0.04079, 0.04145, 0.03514, 0.03394, 0.0319, 0.0311, 0.02627, 0.02596, 0.02385, 0.02148, 0.01916, 0.01728, 0.01433, 0.01404, 0.01134, 0.01016, 0.00728, 0.00534, 0.00409, 0.00332, 0.00111, 0.00057, -0.00195, -0.00186, -0.00272, -0.00445, -0.00553, -0.00667, -0.00783, -0.00824, -0.00959, -0.01045, -0.01115, -0.01175, -0.01285, -0.01331, -0.01354, -0.0144, -0.01482, -0.01536, -0.0158, -0.01615, -0.01628, -0.01689, -0.01741, -0.01744, -0.01781, -0.01811, -0.01825, -0.01836, -0.01865, -0.01877, -0.01895, -0.01916, -0.01924, -0.01936, -0.01942, -0.01955, -0.01963, -0.0196, -0.01975, -0.01976, -0.01982, -0.01985, -0.01983, -0.01981, -0.01983, -0.01981], "test_acc": [34.21, 51.51, 52.33, 64.23, 67.19, 77.47, 76.76, 78.29, 79.71, 78.77, 82.36, 80.15, 83.98, 82.22, 81.5, 83.8, 82.72, 82.08, 85.43, 83.37, 86.18, 85.52, 85.33, 85.69, 85.78, 87.2, 84.78, 85.33, 86.76, 86.43, 87.08, 86.6, 86.15, 86.3, 86.2, 87.46, 87.55, 88.09, 87.12, 86.79, 86.64, 88.43, 87.4, 87.7, 87.14, 87.62, 87.51, 87.93, 88.45, 88.08, 87.32, 86.24, 87.79, 89.05, 88.39, 89.1, 89.53, 86.0, 87.98, 87.84, 88.58, 87.13, 89.36, 89.11, 89.15, 88.99, 89.28, 90.88, 88.2, 90.17, 88.45, 89.79, 88.74, 89.58, 88.42, 90.79, 90.81, 90.18, 90.97, 89.95, 89.49, 90.47, 87.98, 90.81, 89.69, 91.34, 88.4, 91.06, 90.71, 89.19, 90.42, 91.91, 91.32, 91.98, 89.55, 90.9, 89.97, 90.13, 91.36, 91.96, 91.95, 91.28, 90.58, 91.57, 91.87, 91.78, 92.09, 91.52, 91.62, 90.94, 92.23, 92.83, 92.57, 92.71, 92.05, 92.12, 87.48, 92.91, 91.31, 92.31, 90.94, 92.53, 92.73, 92.09, 92.98, 92.69, 92.6, 93.54, 93.55, 93.23, 93.46, 93.23, 93.12, 93.07, 93.08, 93.64, 93.82, 93.42, 93.49, 94.03, 93.7, 93.69, 93.87, 94.05, 94.15, 94.12, 94.06, 94.46, 94.81, 94.29, 94.54, 94.8, 94.7, 94.93, 94.53, 94.87, 94.78, 94.93, 95.15, 94.86, 95.01, 95.12, 95.15, 95.24, 95.26, 95.59, 95.4, 95.27, 95.46, 95.51, 95.34, 95.54, 95.47, 95.66, 95.57, 95.76, 95.69, 95.6, 95.8, 95.9, 95.64, 95.75, 95.75, 95.66, 95.73, 95.71, 95.89, 95.88, 95.72, 95.75, 95.9, 95.88, 95.91, 95.93, 95.9, 95.95, 95.94, 95.91, 95.93, 95.84], "profiles": [{"epoch": 1, "cka": [0.3509, 0.3548, 0.2613, 0.3681], "grad_phi": [0.6491, -0.0039, 0.0935, -0.1068], "phi": [0.6491, 0.6452, 0.7387, 0.6319]}, {"epoch": 20, "cka": [0.2539, 0.3062, 0.2937, 0.2312], "grad_phi": [0.7461, -0.0524, 0.0125, 0.0626], "phi": [0.7461, 0.6938, 0.7063, 0.7688]}, {"epoch": 40, "cka": [0.2554, 0.3552, 0.4018, 0.2414], "grad_phi": [0.7446, -0.0998, -0.0467, 0.1604], "phi": [0.7446, 0.6448, 0.5982, 0.7586]}, {"epoch": 60, "cka": [0.2221, 0.3437, 0.6971, 0.2773], "grad_phi": [0.7779, -0.1216, -0.3534, 0.4198], "phi": [0.7779, 0.6563, 0.3029, 0.7227]}, {"epoch": 80, "cka": [0.2134, 0.2801, 0.6977, 0.2328], "grad_phi": [0.7866, -0.0667, -0.4176, 0.4649], "phi": [0.7866, 0.7199, 0.3023, 0.7672]}, {"epoch": 100, "cka": [0.2654, 0.2925, 0.7991, 0.2039], "grad_phi": [0.7346, -0.0271, -0.5066, 0.5952], "phi": [0.7346, 0.7075, 0.2009, 0.7961]}, {"epoch": 120, "cka": [0.1751, 0.2294, 0.814, 0.2361], "grad_phi": [0.8249, -0.0543, -0.5846, 0.5779], "phi": [0.8249, 0.7706, 0.186, 0.7639]}, {"epoch": 140, "cka": [0.1595, 0.2203, 0.871, 0.2196], "grad_phi": [0.8405, -0.0608, -0.6506, 0.6513], "phi": [0.8405, 0.7797, 0.129, 0.7804]}, {"epoch": 160, "cka": [0.1066, 0.1153, 0.9092, 0.1931], "grad_phi": [0.8934, -0.0088, -0.7939, 0.7161], "phi": [0.8934, 0.8847, 0.0908, 0.8069]}, {"epoch": 180, "cka": [0.092, 0.0671, 0.9299, 0.1711], "grad_phi": [0.908, 0.0249, -0.8629, 0.7589], "phi": [0.908, 0.9329, 0.0701, 0.8289]}, {"epoch": 200, "cka": [0.0901, 0.0557, 0.9353, 0.1667], "grad_phi": [0.9099, 0.0344, -0.8796, 0.7686], "phi": [0.9099, 0.9443, 0.0647, 0.8333]}]}