{"method": "oa_sam", "seed": 50, "cfg": {"lr": 0.1, "momentum": 0.9, "weight_decay": 0.0005, "epochs": 200, "batch_size": 128, "use_sam": true, "rho": 0.05, "lam_base": 0.01, "lam_sign": -1}, "train_loss": [2.11042, 1.53803, 1.24377, 1.01353, 0.84085, 0.70561, 0.61752, 0.55648, 0.52315, 0.48805, 0.46241, 0.43928, 0.42272, 0.41022, 0.39457, 0.3877, 0.37443, 0.36332, 0.35065, 0.34793, 0.33967, 0.33681, 0.32761, 0.32545, 0.31664, 0.31902, 0.3085, 0.30479, 0.30179, 0.297, 0.29482, 0.29379, 0.28773, 0.28742, 0.28142, 0.27925, 0.27309, 0.28086, 0.26794, 0.27356, 0.2666, 0.26177, 0.26131, 0.26174, 0.2557, 0.25689, 0.25138, 0.2531, 0.24686, 0.24482, 0.24622, 0.24181, 0.23546, 0.23517, 0.23302, 0.2268, 0.22461, 0.22687, 0.22, 0.22413, 0.22152, 0.21584, 0.2098, 0.21382, 0.21252, 0.20503, 0.20543, 0.20381, 0.20409, 0.19828, 0.20097, 0.19894, 0.19332, 0.18736, 0.1899, 0.18737, 0.18411, 0.18303, 0.18022, 0.17768, 0.17172, 0.17184, 0.1709, 0.16486, 0.16166, 0.16011, 0.16403, 0.15627, 0.15643, 0.15351, 0.15076, 0.14932, 0.14685, 0.14098, 0.13879, 0.13755, 0.13361, 0.13589, 0.12994, 0.12939, 0.121, 0.1239, 0.11949, 0.11462, 0.11191, 0.11106, 0.11011, 0.10339, 0.10337, 0.09854, 0.09961, 0.09473, 0.09095, 0.09092, 0.08744, 0.08444, 0.08473, 0.07839, 0.07441, 0.07267, 0.07003, 0.06728, 0.06654, 0.06156, 0.06026, 0.057, 0.05684, 0.05094, 0.04796, 0.04547, 0.04503, 0.0405, 0.03924, 0.03606, 0.03376, 0.03294, 0.0298, 0.02715, 0.02495, 0.02311, 0.02104, 0.01939, 0.01603, 0.01405, 0.01373, 0.00997, 0.01036, 0.00742, 0.00632, 0.00413, 0.00373, 0.00107, -0.00114, -0.00071, -0.00257, -0.00495, -0.00522, -0.00633, -0.00744, -0.00865, -0.00887, -0.01085, -0.01069, -0.01138, -0.01262, -0.01351, -0.01409, -0.0147, -0.01487, -0.01568, -0.01602, -0.01653, -0.01711, -0.01722, -0.01772, -0.01818, -0.01846, -0.01856, -0.0189, -0.01918, -0.01944, -0.01969, -0.01994, -0.02001, -0.02019, -0.02021, -0.02042, -0.02045, -0.02049, -0.02057, -0.02065, -0.02068, -0.02072, -0.02076, -0.02086, -0.02086, -0.0209, -0.02084, -0.0209, -0.02088], "test_acc": [34.97, 47.97, 59.12, 65.11, 65.46, 70.54, 75.94, 78.98, 79.66, 80.51, 78.73, 79.45, 84.51, 84.49, 84.27, 84.24, 85.96, 78.86, 85.54, 87.84, 83.02, 86.08, 83.66, 85.34, 86.41, 84.24, 87.51, 87.33, 86.98, 82.58, 85.92, 87.74, 85.59, 83.81, 87.71, 84.89, 87.54, 86.74, 87.93, 86.75, 88.13, 86.08, 89.52, 87.61, 87.27, 88.05, 87.8, 88.0, 88.51, 87.83, 87.16, 89.0, 88.26, 83.25, 88.88, 88.85, 86.39, 89.14, 88.43, 88.61, 87.83, 87.96, 88.76, 89.48, 89.18, 90.26, 89.59, 88.71, 88.86, 89.56, 89.21, 88.54, 87.44, 89.99, 89.36, 90.34, 90.87, 89.65, 90.94, 89.77, 89.59, 89.44, 89.5, 90.62, 89.96, 89.72, 90.57, 89.64, 89.17, 90.82, 91.08, 90.58, 90.79, 90.97, 89.38, 91.99, 90.77, 90.03, 91.59, 91.42, 91.77, 91.66, 91.1, 91.44, 91.09, 91.71, 92.6, 92.01, 91.82, 91.9, 92.36, 92.34, 92.17, 93.2, 93.06, 91.72, 92.3, 92.71, 93.3, 92.46, 92.26, 93.28, 92.94, 92.87, 92.63, 93.01, 93.08, 92.5, 93.59, 93.2, 93.11, 93.58, 93.63, 93.37, 93.7, 93.02, 93.45, 93.95, 94.26, 93.52, 94.03, 93.63, 94.61, 93.82, 94.76, 94.32, 94.24, 94.51, 94.32, 94.66, 94.56, 94.51, 94.58, 94.98, 95.03, 95.13, 94.81, 94.98, 95.29, 94.82, 95.05, 95.07, 95.23, 95.33, 95.23, 95.17, 95.37, 95.53, 95.37, 95.54, 95.51, 95.58, 95.94, 95.61, 95.66, 95.71, 95.68, 95.87, 95.78, 95.93, 95.79, 95.86, 95.88, 95.91, 95.76, 95.91, 95.94, 95.99, 96.07, 96.11, 96.05, 95.89, 96.04, 96.02, 96.02, 96.06, 96.05, 96.02, 96.02, 96.05], "profiles": [{"epoch": 1, "cka": [0.4135, 0.3069, 0.1863, 0.3531], "grad_phi": [0.5865, 0.1065, 0.1206, -0.1667], "phi": [0.5865, 0.6931, 0.8137, 0.6469]}, {"epoch": 20, "cka": [0.1557, 0.3497, 0.4007, 0.2955], "grad_phi": [0.8443, -0.194, -0.0511, 0.1052], "phi": [0.8443, 0.6503, 0.5993, 0.7045]}, {"epoch": 40, "cka": [0.1035, 0.3538, 0.4265, 0.2436], "grad_phi": [0.8965, -0.2504, -0.0727, 0.1829], "phi": [0.8965, 0.6462, 0.5735, 0.7564]}, {"epoch": 60, "cka": [0.0854, 0.3238, 0.7577, 0.2456], "grad_phi": [0.9146, -0.2384, -0.434, 0.5122], "phi": [0.9146, 0.6762, 0.2423, 0.7544]}, {"epoch": 80, "cka": [0.0978, 0.3303, 0.8169, 0.2278], "grad_phi": [0.9022, -0.2325, -0.4866, 0.5892], "phi": [0.9022, 0.6697, 0.1831, 0.7722]}, {"epoch": 100, "cka": [0.0947, 0.2835, 0.7845, 0.2232], "grad_phi": [0.9053, -0.1888, -0.501, 0.5613], "phi": [0.9053, 0.7165, 0.2155, 0.7768]}, {"epoch": 120, "cka": [0.1562, 0.2374, 0.8281, 0.221], "grad_phi": [0.8438, -0.0812, -0.5907, 0.6071], "phi": [0.8438, 0.7626, 0.1719, 0.779]}, {"epoch": 140, "cka": [0.0684, 0.1134, 0.8749, 0.1867], "grad_phi": [0.9316, -0.045, -0.7615, 0.6882], "phi": [0.9316, 0.8866, 0.1251, 0.8133]}, {"epoch": 160, "cka": [0.069, 0.0963, 0.9138, 0.1848], "grad_phi": [0.931, -0.0273, -0.8174, 0.7289], "phi": [0.931, 0.9037, 0.0862, 0.8152]}, {"epoch": 180, "cka": [0.0426, 0.0601, 0.938, 0.1736], "grad_phi": [0.9574, -0.0175, -0.878, 0.7644], "phi": [0.9574, 0.9399, 0.062, 0.8264]}, {"epoch": 200, "cka": [0.0371, 0.0451, 0.942, 0.1668], "grad_phi": [0.9629, -0.0081, -0.8969, 0.7753], "phi": [0.9629, 0.9549, 0.058, 0.8332]}]}