{"method": "oa_sam", "seed": 51, "cfg": {"lr": 0.1, "momentum": 0.9, "weight_decay": 0.0005, "epochs": 200, "batch_size": 128, "use_sam": true, "rho": 0.05, "lam_base": 0.01, "lam_sign": -1}, "train_loss": [2.13705, 1.61964, 1.34962, 1.12177, 0.94211, 0.82719, 0.71477, 0.62332, 0.57372, 0.534, 0.50469, 0.48256, 0.45967, 0.44343, 0.42473, 0.40948, 0.40255, 0.38728, 0.37909, 0.36857, 0.36317, 0.35297, 0.34271, 0.34188, 0.33343, 0.33302, 0.32193, 0.3217, 0.31615, 0.31507, 0.30686, 0.30749, 0.30286, 0.29406, 0.28855, 0.29099, 0.28546, 0.28388, 0.28104, 0.27529, 0.27524, 0.2735, 0.27116, 0.26874, 0.26527, 0.26205, 0.25916, 0.25464, 0.25448, 0.25294, 0.25164, 0.25114, 0.24774, 0.24241, 0.23872, 0.23885, 0.23768, 0.23502, 0.22993, 0.23054, 0.22764, 0.22925, 0.22512, 0.21848, 0.21998, 0.21528, 0.215, 0.21034, 0.20977, 0.20829, 0.20373, 0.19928, 0.1977, 0.197, 0.19868, 0.19343, 0.18469, 0.18346, 0.18284, 0.18097, 0.17901, 0.17803, 0.17369, 0.17082, 0.16427, 0.16729, 0.16723, 0.16543, 0.16198, 0.15636, 0.1525, 0.15193, 0.15033, 0.14604, 0.14653, 0.14134, 0.13988, 0.13541, 0.13087, 0.1307, 0.12994, 0.12555, 0.12001, 0.12186, 0.11444, 0.11395, 0.11312, 0.1099, 0.10758, 0.10528, 0.09818, 0.09664, 0.09291, 0.09528, 0.08664, 0.08425, 0.08229, 0.07905, 0.07711, 0.07575, 0.06833, 0.06792, 0.06526, 0.06265, 0.05933, 0.05837, 0.05463, 0.05189, 0.04747, 0.04476, 0.04416, 0.04219, 0.03971, 0.03347, 0.03411, 0.03198, 0.02897, 0.02667, 0.02312, 0.02038, 0.01906, 0.02114, 0.01563, 0.01214, 0.0105, 0.01023, 0.01028, 0.00532, 0.00477, 0.00266, 0.00136, 0.00016, -0.00193, -0.00253, -0.00476, -0.00499, -0.00635, -0.00722, -0.00947, -0.01026, -0.01121, -0.01169, -0.01203, -0.01356, -0.01374, -0.01444, -0.01521, -0.01578, -0.01667, -0.01719, -0.0174, -0.0178, -0.01828, -0.01861, -0.01878, -0.01936, -0.01957, -0.01992, -0.02019, -0.02044, -0.02049, -0.02088, -0.02086, -0.02112, -0.02141, -0.02151, -0.02157, -0.02172, -0.02181, -0.02188, -0.02203, -0.02201, -0.02203, -0.0221, -0.02209, -0.02215, -0.02208, -0.02216, -0.0221, -0.02218], "test_acc": [32.73, 46.29, 52.6, 60.79, 65.92, 69.95, 76.41, 75.93, 78.48, 80.24, 78.85, 80.77, 76.96, 82.3, 83.88, 82.53, 84.83, 81.56, 83.31, 79.45, 84.25, 85.77, 83.0, 84.45, 85.1, 84.29, 85.22, 82.39, 84.34, 84.17, 87.35, 86.65, 87.35, 87.38, 83.76, 86.37, 86.89, 86.93, 88.12, 83.22, 87.35, 89.28, 86.96, 87.86, 89.13, 87.78, 86.58, 87.54, 88.52, 85.3, 88.55, 87.41, 87.03, 88.55, 87.65, 87.97, 88.07, 88.12, 87.84, 88.56, 86.75, 88.32, 89.88, 89.03, 90.18, 87.43, 87.2, 88.52, 88.15, 88.64, 90.13, 88.85, 87.98, 89.1, 89.83, 90.24, 89.38, 90.7, 86.51, 91.14, 89.94, 89.78, 89.62, 91.37, 90.32, 90.21, 90.46, 90.91, 91.21, 91.16, 90.7, 90.09, 90.65, 90.48, 91.11, 90.72, 91.65, 92.22, 91.63, 91.74, 91.63, 91.4, 90.66, 91.5, 91.55, 91.61, 92.4, 93.07, 90.54, 91.25, 91.76, 90.82, 92.23, 92.94, 92.66, 92.74, 92.0, 92.52, 92.06, 92.59, 92.63, 93.38, 92.99, 92.94, 92.85, 93.07, 93.39, 92.94, 93.23, 93.46, 93.31, 93.09, 93.09, 93.36, 93.75, 93.34, 93.93, 94.17, 94.25, 93.86, 93.97, 94.13, 93.9, 94.17, 94.29, 94.59, 94.25, 94.79, 94.46, 94.76, 94.62, 94.84, 94.66, 94.89, 94.75, 94.79, 95.22, 94.84, 95.37, 95.17, 95.54, 95.44, 95.48, 95.1, 95.48, 95.29, 95.63, 95.54, 95.78, 95.65, 95.44, 95.75, 95.73, 95.81, 95.86, 95.96, 95.97, 95.94, 95.81, 96.07, 95.96, 95.96, 96.07, 95.99, 95.92, 96.05, 95.98, 95.96, 96.01, 96.08, 96.03, 96.05, 96.05, 96.05, 96.16, 96.1, 96.0, 95.98, 96.11, 96.12], "profiles": [{"epoch": 1, "cka": [0.2806, 0.12, 0.0786, 0.2544], "grad_phi": [0.7194, 0.1606, 0.0415, -0.1758], "phi": [0.7194, 0.88, 0.9214, 0.7456]}, {"epoch": 20, "cka": [0.0776, 0.4861, 0.3007, 0.2352], "grad_phi": [0.9224, -0.4085, 0.1854, 0.0655], "phi": [0.9224, 0.5139, 0.6993, 0.7648]}, {"epoch": 40, "cka": [0.0624, 0.7085, 0.2577, 0.224], "grad_phi": [0.9376, -0.6461, 0.4508, 0.0337], "phi": [0.9376, 0.2915, 0.7423, 0.776]}, {"epoch": 60, "cka": [0.1122, 0.6961, 0.3188, 0.3063], "grad_phi": [0.8878, -0.5838, 0.3773, 0.0124], "phi": [0.8878, 0.3039, 0.6812, 0.6937]}, {"epoch": 80, "cka": [0.0861, 0.7028, 0.2304, 0.2372], "grad_phi": [0.9139, -0.6167, 0.4724, -0.0068], "phi": [0.9139, 0.2972, 0.7696, 0.7628]}, {"epoch": 100, "cka": [0.0619, 0.7462, 0.2198, 0.2538], "grad_phi": [0.9381, -0.6843, 0.5264, -0.034], "phi": [0.9381, 0.2538, 0.7802, 0.7462]}, {"epoch": 120, "cka": [0.075, 0.8328, 0.1854, 0.2431], "grad_phi": [0.925, -0.7577, 0.6474, -0.0578], "phi": [0.925, 0.1672, 0.8146, 0.7569]}, {"epoch": 140, "cka": [0.0426, 0.8331, 0.0769, 0.232], "grad_phi": [0.9574, -0.7905, 0.7562, -0.1551], "phi": [0.9574, 0.1669, 0.9231, 0.768]}, {"epoch": 160, "cka": [0.0384, 0.8947, 0.0699, 0.2417], "grad_phi": [0.9616, -0.8563, 0.8249, -0.1718], "phi": [0.9616, 0.1053, 0.9301, 0.7583]}, {"epoch": 180, "cka": [0.0277, 0.9181, 0.0473, 0.2301], "grad_phi": [0.9723, -0.8904, 0.8708, -0.1828], "phi": [0.9723, 0.0819, 0.9527, 0.7699]}, {"epoch": 200, "cka": [0.0269, 0.9232, 0.0425, 0.2264], "grad_phi": [0.9731, -0.8962, 0.8807, -0.1839], "phi": [0.9731, 0.0768, 0.9575, 0.7736]}]}