{"method": "sam", "seed": 46, "cfg": {"lr": 0.1, "momentum": 0.9, "weight_decay": 0.0005, "epochs": 200, "batch_size": 128, "use_sam": true, "rho": 0.05, "lam_base": 0.0, "lam_sign": 0}, "train_loss": [2.45651, 1.88604, 1.48416, 1.1972, 0.93698, 0.75526, 0.64828, 0.58462, 0.53434, 0.50983, 0.48135, 0.45295, 0.44357, 0.42258, 0.41305, 0.39558, 0.38632, 0.37215, 0.36376, 0.35914, 0.35391, 0.34943, 0.33846, 0.33858, 0.33072, 0.32241, 0.32107, 0.31673, 0.30998, 0.30932, 0.3086, 0.30527, 0.29949, 0.30209, 0.29383, 0.28908, 0.28622, 0.29027, 0.28424, 0.28059, 0.27962, 0.27576, 0.26801, 0.27238, 0.26653, 0.26507, 0.26618, 0.26435, 0.25915, 0.25753, 0.25434, 0.25417, 0.25323, 0.25381, 0.24303, 0.24867, 0.24428, 0.24512, 0.23978, 0.23202, 0.23733, 0.23578, 0.22882, 0.2275, 0.22645, 0.22037, 0.22621, 0.21894, 0.22006, 0.21403, 0.21427, 0.20836, 0.20905, 0.20935, 0.20143, 0.20362, 0.20191, 0.19949, 0.1939, 0.19393, 0.18998, 0.18908, 0.18489, 0.18318, 0.18187, 0.17771, 0.17632, 0.17609, 0.16946, 0.16916, 0.16172, 0.16408, 0.15997, 0.15897, 0.15544, 0.15493, 0.14961, 0.149, 0.14283, 0.14291, 0.13713, 0.14229, 0.1333, 0.13107, 0.12752, 0.12949, 0.12543, 0.12101, 0.122, 0.11848, 0.11456, 0.11021, 0.1085, 0.10485, 0.10549, 0.09927, 0.10162, 0.09509, 0.08841, 0.08834, 0.08877, 0.08592, 0.08239, 0.07782, 0.07381, 0.07388, 0.0709, 0.07127, 0.06959, 0.0645, 0.06154, 0.05978, 0.05818, 0.05284, 0.0517, 0.05046, 0.04475, 0.04507, 0.04347, 0.0401, 0.03989, 0.03752, 0.03343, 0.03447, 0.03159, 0.0306, 0.02874, 0.02678, 0.02441, 0.02422, 0.02233, 0.0215, 0.01939, 0.01873, 0.01696, 0.01643, 0.01515, 0.01434, 0.01304, 0.01229, 0.01179, 0.01121, 0.00985, 0.00947, 0.00882, 0.00831, 0.0075, 0.00733, 0.00665, 0.00647, 0.00611, 0.00552, 0.00537, 0.00512, 0.00474, 0.00443, 0.00414, 0.00394, 0.00388, 0.00354, 0.0035, 0.00328, 0.00313, 0.00295, 0.00281, 0.00286, 0.00274, 0.00265, 0.00266, 0.00259, 0.0025, 0.00243, 0.00243, 0.00243, 0.00241, 0.00238, 0.00236, 0.00234, 0.00235, 0.00236], "test_acc": [14.24, 41.38, 47.72, 58.55, 70.61, 75.82, 75.24, 78.84, 80.57, 72.75, 80.76, 80.08, 78.02, 83.22, 84.44, 84.9, 84.03, 85.18, 85.64, 84.12, 86.57, 84.51, 86.74, 86.45, 82.61, 87.65, 87.09, 85.37, 86.71, 86.0, 83.33, 87.68, 83.4, 87.53, 88.16, 88.51, 88.09, 84.77, 88.73, 87.76, 88.93, 88.52, 84.43, 88.64, 86.28, 86.44, 88.14, 88.4, 88.68, 88.99, 88.16, 86.8, 89.42, 88.46, 87.51, 88.25, 87.93, 86.49, 88.05, 87.57, 90.62, 88.56, 86.9, 88.16, 89.14, 88.4, 88.67, 87.88, 86.78, 89.74, 89.08, 87.72, 89.52, 89.83, 86.89, 89.19, 87.11, 89.96, 89.64, 90.07, 89.14, 89.5, 91.25, 88.74, 90.73, 90.2, 89.46, 90.86, 90.1, 91.24, 90.84, 90.15, 90.62, 91.04, 91.68, 90.07, 91.89, 91.46, 91.68, 92.2, 90.95, 90.19, 91.92, 91.16, 91.86, 92.0, 92.26, 91.97, 91.83, 88.58, 92.19, 91.99, 92.5, 92.72, 92.52, 92.16, 92.84, 92.75, 92.59, 92.06, 92.99, 93.21, 92.69, 93.05, 92.2, 93.41, 92.97, 93.28, 92.18, 93.9, 93.88, 93.09, 93.51, 93.61, 93.86, 93.32, 93.56, 93.74, 94.06, 93.91, 93.77, 94.1, 94.51, 93.98, 94.53, 94.34, 94.45, 94.42, 94.67, 94.66, 94.68, 94.85, 94.8, 94.85, 94.97, 94.71, 95.0, 95.26, 94.82, 95.02, 95.35, 95.11, 95.35, 95.27, 95.29, 95.54, 95.47, 95.63, 95.6, 95.46, 95.68, 95.57, 95.69, 95.62, 95.67, 95.82, 95.73, 95.83, 95.92, 95.89, 95.82, 95.94, 95.82, 95.79, 95.97, 95.88, 96.01, 96.01, 96.12, 96.03, 95.93, 96.0, 95.97, 96.02, 95.86, 95.99, 95.93, 95.93, 95.93, 95.97], "profiles": [{"epoch": 1, "cka": [0.4064, 0.2953, 0.2138, 0.2454], "grad_phi": [0.5936, 0.1111, 0.0815, -0.0316], "phi": [0.5936, 0.7047, 0.7862, 0.7546]}, {"epoch": 20, "cka": [0.6154, 0.3683, 0.3775, 0.2598], "grad_phi": [0.3846, 0.247, -0.0092, 0.1177], "phi": [0.3846, 0.6317, 0.6225, 0.7402]}, {"epoch": 40, "cka": [0.4158, 0.3996, 0.3686, 0.2817], "grad_phi": [0.5842, 0.0162, 0.031, 0.0869], "phi": [0.5842, 0.6004, 0.6314, 0.7183]}, {"epoch": 60, "cka": [0.5096, 0.4053, 0.4044, 0.2509], "grad_phi": [0.4904, 0.1043, 0.0009, 0.1535], "phi": [0.4904, 0.5947, 0.5956, 0.7491]}, {"epoch": 80, "cka": [0.4761, 0.4666, 0.3983, 0.2681], "grad_phi": [0.5239, 0.0096, 0.0683, 0.1302], "phi": [0.5239, 0.5334, 0.6017, 0.7319]}, {"epoch": 100, "cka": [0.5471, 0.4115, 0.3508, 0.2669], "grad_phi": [0.4529, 0.1356, 0.0607, 0.0839], "phi": [0.4529, 0.5885, 0.6492, 0.7331]}, {"epoch": 120, "cka": [0.4875, 0.4273, 0.3229, 0.2486], "grad_phi": [0.5125, 0.0601, 0.1045, 0.0743], "phi": [0.5125, 0.5727, 0.6771, 0.7514]}, {"epoch": 140, "cka": [0.4812, 0.462, 0.3499, 0.2436], "grad_phi": [0.5188, 0.0192, 0.1121, 0.1063], "phi": [0.5188, 0.538, 0.6501, 0.7564]}, {"epoch": 160, "cka": [0.4438, 0.4512, 0.3511, 0.2283], "grad_phi": [0.5562, -0.0073, 0.1001, 0.1228], "phi": [0.5562, 0.5488, 0.6489, 0.7717]}, {"epoch": 180, "cka": [0.4466, 0.4391, 0.3379, 0.2332], "grad_phi": [0.5534, 0.0075, 0.1011, 0.1048], "phi": [0.5534, 0.5609, 0.6621, 0.7668]}, {"epoch": 200, "cka": [0.4469, 0.4406, 0.3335, 0.2311], "grad_phi": [0.5531, 0.0062, 0.1071, 0.1024], "phi": [0.5531, 0.5594, 0.6665, 0.7689]}]}