{"method": "sam", "seed": 42, "cfg": {"lr": 0.1, "momentum": 0.9, "weight_decay": 0.0005, "epochs": 200, "batch_size": 128, "use_sam": true, "rho": 0.05, "lam_base": 0.0, "lam_sign": 0}, "train_loss": [2.26689, 1.70925, 1.44431, 1.15208, 0.91893, 0.75204, 0.65235, 0.5811, 0.53512, 0.5066, 0.48199, 0.45741, 0.43913, 0.42181, 0.4048, 0.39013, 0.38735, 0.37295, 0.36527, 0.36081, 0.35426, 0.33889, 0.33361, 0.33576, 0.32741, 0.32207, 0.31889, 0.31511, 0.30846, 0.30429, 0.30434, 0.29854, 0.29401, 0.29602, 0.29364, 0.28254, 0.29064, 0.28156, 0.28105, 0.27787, 0.27596, 0.27034, 0.27082, 0.27236, 0.26468, 0.26008, 0.26085, 0.26254, 0.25283, 0.25969, 0.2504, 0.24662, 0.24732, 0.24205, 0.24215, 0.23633, 0.2416, 0.23717, 0.23738, 0.23976, 0.22959, 0.23023, 0.22391, 0.22673, 0.22629, 0.22172, 0.21922, 0.21758, 0.2108, 0.21183, 0.21155, 0.20678, 0.2059, 0.20565, 0.20182, 0.19705, 0.19719, 0.19344, 0.19271, 0.18844, 0.18906, 0.18699, 0.18444, 0.18048, 0.17974, 0.17292, 0.17182, 0.17136, 0.16842, 0.1685, 0.16555, 0.15859, 0.1612, 0.15892, 0.15401, 0.14978, 0.14907, 0.15293, 0.14657, 0.14204, 0.13556, 0.13723, 0.13499, 0.13318, 0.12708, 0.12423, 0.12381, 0.12121, 0.11973, 0.11796, 0.11263, 0.11046, 0.10801, 0.10572, 0.10317, 0.10112, 0.09687, 0.09858, 0.09188, 0.09055, 0.08498, 0.08412, 0.083, 0.07879, 0.07617, 0.07398, 0.0738, 0.06808, 0.06482, 0.06452, 0.06053, 0.06088, 0.05774, 0.0531, 0.05469, 0.05056, 0.05083, 0.04522, 0.0439, 0.04038, 0.0398, 0.03687, 0.03559, 0.03263, 0.03153, 0.0302, 0.02888, 0.02704, 0.02486, 0.0237, 0.02419, 0.02134, 0.02124, 0.01844, 0.01732, 0.01629, 0.01506, 0.01381, 0.0139, 0.01363, 0.01193, 0.01046, 0.01023, 0.00927, 0.00905, 0.00838, 0.00728, 0.00737, 0.00698, 0.0066, 0.00589, 0.00533, 0.0051, 0.00493, 0.00445, 0.00444, 0.00409, 0.0039, 0.0036, 0.00335, 0.00331, 0.00321, 0.00298, 0.00282, 0.00278, 0.00262, 0.00253, 0.00245, 0.00239, 0.00237, 0.00229, 0.00225, 0.00229, 0.00217, 0.0022, 0.00211, 0.00208, 0.00212, 0.0021, 0.00208], "test_acc": [31.13, 41.9, 53.45, 61.36, 70.78, 74.29, 74.4, 77.78, 77.6, 81.54, 81.8, 80.35, 81.64, 84.27, 83.8, 84.26, 85.3, 83.24, 84.76, 86.42, 83.61, 82.57, 85.28, 84.46, 83.79, 86.46, 86.73, 85.19, 86.11, 86.86, 85.87, 85.96, 86.22, 80.17, 85.09, 86.17, 87.53, 87.12, 88.53, 87.48, 88.02, 87.3, 87.2, 89.27, 86.63, 86.8, 83.87, 88.2, 88.01, 88.82, 87.9, 87.4, 88.92, 89.34, 87.49, 88.83, 88.04, 89.31, 89.42, 89.18, 88.25, 89.79, 89.22, 89.91, 88.08, 90.38, 87.73, 88.3, 89.86, 89.45, 90.03, 90.19, 89.2, 90.76, 90.6, 90.18, 89.97, 88.84, 89.66, 90.32, 90.12, 89.36, 89.44, 89.05, 90.97, 90.2, 89.52, 90.9, 90.11, 90.57, 90.62, 91.1, 90.94, 90.96, 90.72, 90.08, 91.33, 90.95, 91.28, 90.91, 91.15, 91.71, 91.37, 91.38, 91.74, 91.82, 91.99, 91.75, 92.17, 91.01, 92.24, 92.72, 92.37, 92.39, 92.36, 91.58, 91.79, 91.9, 92.93, 92.49, 92.71, 92.54, 92.66, 92.81, 92.69, 91.97, 92.99, 93.06, 92.65, 93.34, 92.98, 93.23, 93.4, 92.98, 93.08, 93.4, 93.48, 93.64, 93.47, 94.24, 94.06, 93.9, 94.18, 93.89, 94.13, 94.47, 94.76, 94.47, 94.66, 94.79, 94.43, 94.48, 94.8, 94.86, 94.83, 94.58, 94.87, 94.87, 95.0, 94.9, 94.97, 95.02, 95.16, 95.16, 95.44, 94.93, 95.36, 95.35, 95.39, 95.44, 95.55, 95.55, 95.56, 95.66, 95.72, 95.71, 95.78, 95.75, 95.81, 95.75, 95.66, 95.76, 95.92, 95.87, 95.97, 95.79, 95.98, 95.93, 95.84, 95.94, 95.99, 95.97, 96.01, 96.0, 95.97, 95.9, 95.91, 96.0, 96.07, 96.03], "profiles": [{"epoch": 1, "cka": [0.5137, 0.3687, 0.2494, 0.3274], "grad_phi": [0.4863, 0.145, 0.1193, -0.078], "phi": [0.4863, 0.6313, 0.7506, 0.6726]}, {"epoch": 20, "cka": [0.4458, 0.3725, 0.3495, 0.2759], "grad_phi": [0.5542, 0.0733, 0.023, 0.0736], "phi": [0.5542, 0.6275, 0.6505, 0.7241]}, {"epoch": 40, "cka": [0.4906, 0.3531, 0.345, 0.2628], "grad_phi": [0.5094, 0.1375, 0.008, 0.0823], "phi": [0.5094, 0.6469, 0.655, 0.7372]}, {"epoch": 60, "cka": [0.5824, 0.4403, 0.3168, 0.2706], "grad_phi": [0.4176, 0.1421, 0.1235, 0.0462], "phi": [0.4176, 0.5597, 0.6832, 0.7294]}, {"epoch": 80, "cka": [0.5091, 0.4303, 0.3445, 0.236], "grad_phi": [0.4909, 0.0788, 0.0858, 0.1085], "phi": [0.4909, 0.5697, 0.6555, 0.764]}, {"epoch": 100, "cka": [0.5045, 0.4184, 0.3592, 0.2645], "grad_phi": [0.4955, 0.0861, 0.0592, 0.0947], "phi": [0.4955, 0.5816, 0.6408, 0.7355]}, {"epoch": 120, "cka": [0.457, 0.4098, 0.2943, 0.2508], "grad_phi": [0.543, 0.0472, 0.1155, 0.0435], "phi": [0.543, 0.5902, 0.7057, 0.7492]}, {"epoch": 140, "cka": [0.5437, 0.4398, 0.3291, 0.2656], "grad_phi": [0.4563, 0.1039, 0.1107, 0.0634], "phi": [0.4563, 0.5602, 0.6709, 0.7344]}, {"epoch": 160, "cka": [0.5141, 0.4244, 0.2966, 0.2496], "grad_phi": [0.4859, 0.0897, 0.1277, 0.047], "phi": [0.4859, 0.5756, 0.7034, 0.7504]}, {"epoch": 180, "cka": [0.4668, 0.4165, 0.2966, 0.2388], "grad_phi": [0.5332, 0.0503, 0.12, 0.0578], "phi": [0.5332, 0.5835, 0.7034, 0.7612]}, {"epoch": 200, "cka": [0.4623, 0.4135, 0.2901, 0.2378], "grad_phi": [0.5377, 0.0487, 0.1235, 0.0523], "phi": [0.5377, 0.5865, 0.7099, 0.7622]}]}