{"method": "sam", "seed": 45, "cfg": {"lr": 0.1, "momentum": 0.9, "weight_decay": 0.0005, "epochs": 200, "batch_size": 128, "use_sam": true, "rho": 0.05, "lam_base": 0.0, "lam_sign": 0}, "train_loss": [2.41444, 1.8167, 1.4655, 1.18216, 0.97534, 0.82347, 0.70744, 0.62572, 0.57542, 0.53659, 0.50898, 0.47655, 0.4547, 0.44173, 0.42556, 0.4117, 0.39976, 0.38728, 0.38151, 0.36672, 0.35836, 0.36, 0.34711, 0.34066, 0.33416, 0.33233, 0.32411, 0.32206, 0.31768, 0.31642, 0.31035, 0.3077, 0.30656, 0.30337, 0.29868, 0.29343, 0.28772, 0.2903, 0.28731, 0.28902, 0.28057, 0.27473, 0.27908, 0.27465, 0.27181, 0.26785, 0.26435, 0.26463, 0.26887, 0.25885, 0.25799, 0.25939, 0.25406, 0.25159, 0.24932, 0.24484, 0.24359, 0.24984, 0.2459, 0.2382, 0.23897, 0.22817, 0.23409, 0.23232, 0.23192, 0.22521, 0.22814, 0.22337, 0.22283, 0.2188, 0.21337, 0.21111, 0.21221, 0.21017, 0.20668, 0.20705, 0.19769, 0.19952, 0.19917, 0.19278, 0.18735, 0.18942, 0.18602, 0.18967, 0.17962, 0.17847, 0.18208, 0.17671, 0.17393, 0.17285, 0.16734, 0.16308, 0.16347, 0.15764, 0.15996, 0.15464, 0.15264, 0.15001, 0.14804, 0.14482, 0.14308, 0.14111, 0.13757, 0.13357, 0.13053, 0.12454, 0.12251, 0.12399, 0.12057, 0.11845, 0.11742, 0.10926, 0.10953, 0.10736, 0.1053, 0.10375, 0.09738, 0.09839, 0.09297, 0.09031, 0.08762, 0.0865, 0.08123, 0.07952, 0.07768, 0.07588, 0.07074, 0.06833, 0.0677, 0.06514, 0.05988, 0.06035, 0.05611, 0.05421, 0.05063, 0.05033, 0.04555, 0.04507, 0.04452, 0.0416, 0.03942, 0.0349, 0.03477, 0.03437, 0.03174, 0.03019, 0.02889, 0.02609, 0.02535, 0.02499, 0.02189, 0.02066, 0.02036, 0.01856, 0.01732, 0.01636, 0.01493, 0.01488, 0.01331, 0.01216, 0.01124, 0.01085, 0.01029, 0.01002, 0.00881, 0.00842, 0.00807, 0.00768, 0.00675, 0.00652, 0.0061, 0.00562, 0.00521, 0.00511, 0.00469, 0.00457, 0.00418, 0.00391, 0.00376, 0.00353, 0.00336, 0.00328, 0.00313, 0.00293, 0.00281, 0.00278, 0.00278, 0.00262, 0.00263, 0.00255, 0.00247, 0.00247, 0.00241, 0.00235, 0.00236, 0.00234, 0.00229, 0.00228, 0.00231, 0.00229], "test_acc": [19.6, 40.95, 50.05, 58.96, 68.79, 74.34, 69.88, 72.61, 79.09, 80.57, 79.25, 81.8, 82.15, 83.37, 83.23, 79.95, 83.42, 82.61, 83.74, 83.88, 85.71, 83.27, 84.66, 84.9, 84.65, 86.77, 84.74, 86.78, 85.79, 85.76, 83.47, 86.38, 85.05, 87.96, 86.26, 86.99, 87.05, 87.63, 86.62, 87.06, 88.66, 87.41, 85.81, 87.2, 87.99, 88.56, 86.37, 88.06, 88.62, 85.9, 89.23, 87.08, 87.59, 87.85, 88.06, 88.74, 87.1, 87.56, 88.93, 89.36, 87.94, 86.41, 89.73, 88.97, 87.88, 88.73, 88.97, 88.54, 90.47, 87.77, 89.41, 90.86, 89.74, 89.65, 89.15, 88.4, 90.39, 90.85, 88.97, 89.74, 88.48, 91.13, 89.62, 90.41, 90.2, 90.29, 90.38, 91.56, 91.37, 89.12, 91.39, 90.46, 90.72, 90.89, 91.57, 90.91, 90.55, 91.52, 91.17, 91.93, 91.16, 91.47, 90.97, 91.73, 92.2, 92.01, 91.15, 91.75, 92.0, 91.1, 90.88, 92.17, 90.58, 91.84, 91.51, 91.35, 91.92, 92.52, 91.75, 92.33, 92.99, 93.33, 92.62, 92.71, 92.45, 92.93, 92.92, 93.18, 93.17, 93.56, 93.2, 93.32, 93.53, 92.87, 93.6, 94.32, 93.66, 93.25, 93.64, 94.06, 93.93, 94.14, 94.2, 94.09, 94.2, 94.55, 94.68, 94.67, 94.34, 94.29, 94.64, 94.36, 94.8, 94.64, 94.93, 94.81, 94.73, 95.05, 95.2, 95.02, 95.15, 95.16, 95.11, 95.02, 95.5, 95.34, 95.45, 95.35, 95.29, 95.5, 95.49, 95.43, 95.58, 95.74, 95.62, 95.77, 95.64, 95.72, 95.83, 95.81, 95.68, 95.71, 95.79, 95.8, 95.85, 95.87, 95.87, 95.92, 95.79, 95.77, 95.72, 95.91, 95.84, 95.9, 95.87, 95.77, 95.96, 95.89, 95.9, 95.84], "profiles": [{"epoch": 1, "cka": [0.4607, 0.3218, 0.2608, 0.4327], "grad_phi": [0.5393, 0.1389, 0.061, -0.1719], "phi": [0.5393, 0.6782, 0.7392, 0.5673]}, {"epoch": 20, "cka": [0.4581, 0.3706, 0.3721, 0.2864], "grad_phi": [0.5419, 0.0875, -0.0015, 0.0856], "phi": [0.5419, 0.6294, 0.6279, 0.7136]}, {"epoch": 40, "cka": [0.4083, 0.4356, 0.3793, 0.2661], "grad_phi": [0.5917, -0.0273, 0.0564, 0.1132], "phi": [0.5917, 0.5644, 0.6207, 0.7339]}, {"epoch": 60, "cka": [0.3481, 0.3955, 0.3452, 0.2492], "grad_phi": [0.6519, -0.0474, 0.0503, 0.096], "phi": [0.6519, 0.6045, 0.6548, 0.7508]}, {"epoch": 80, "cka": [0.4716, 0.3745, 0.3353, 0.2338], "grad_phi": [0.5284, 0.0971, 0.0392, 0.1015], "phi": [0.5284, 0.6255, 0.6647, 0.7662]}, {"epoch": 100, "cka": [0.4014, 0.4194, 0.37, 0.2582], "grad_phi": [0.5986, -0.018, 0.0494, 0.1117], "phi": [0.5986, 0.5806, 0.63, 0.7418]}, {"epoch": 120, "cka": [0.4533, 0.4409, 0.4015, 0.2708], "grad_phi": [0.5467, 0.0124, 0.0394, 0.1307], "phi": [0.5467, 0.5591, 0.5985, 0.7292]}, {"epoch": 140, "cka": [0.4276, 0.3895, 0.3291, 0.2394], "grad_phi": [0.5724, 0.0381, 0.0604, 0.0897], "phi": [0.5724, 0.6105, 0.6709, 0.7606]}, {"epoch": 160, "cka": [0.4245, 0.4303, 0.3385, 0.2369], "grad_phi": [0.5755, -0.0058, 0.0918, 0.1016], "phi": [0.5755, 0.5697, 0.6615, 0.7631]}, {"epoch": 180, "cka": [0.401, 0.4186, 0.3166, 0.221], "grad_phi": [0.599, -0.0176, 0.102, 0.0956], "phi": [0.599, 0.5814, 0.6834, 0.779]}, {"epoch": 200, "cka": [0.4038, 0.4164, 0.3229, 0.2216], "grad_phi": [0.5962, -0.0125, 0.0934, 0.1013], "phi": [0.5962, 0.5836, 0.6771, 0.7784]}]}