{"method": "sam", "seed": 43, "cfg": {"lr": 0.1, "momentum": 0.9, "weight_decay": 0.0005, "epochs": 200, "batch_size": 128, "use_sam": true, "rho": 0.05, "lam_base": 0.0, "lam_sign": 0}, "train_loss": [2.07664, 1.4741, 1.18221, 0.97736, 0.83839, 0.72877, 0.63908, 0.58183, 0.54529, 0.50703, 0.47538, 0.45852, 0.43302, 0.4235, 0.41004, 0.39114, 0.38265, 0.37471, 0.3637, 0.35299, 0.35154, 0.34357, 0.33831, 0.33565, 0.32391, 0.32336, 0.3172, 0.30831, 0.31008, 0.31209, 0.30492, 0.30087, 0.29333, 0.29239, 0.29301, 0.28786, 0.28941, 0.28007, 0.28066, 0.27851, 0.27759, 0.27342, 0.27278, 0.26876, 0.26422, 0.2683, 0.2632, 0.25961, 0.26179, 0.25944, 0.25637, 0.24966, 0.24708, 0.24583, 0.24292, 0.24542, 0.24686, 0.24213, 0.24017, 0.23685, 0.23055, 0.2311, 0.22775, 0.23117, 0.22342, 0.21948, 0.21799, 0.22297, 0.2129, 0.2132, 0.21196, 0.20811, 0.20363, 0.21078, 0.20448, 0.20235, 0.19765, 0.19593, 0.19452, 0.19141, 0.18981, 0.18953, 0.1837, 0.18628, 0.18134, 0.17686, 0.17412, 0.17651, 0.17052, 0.16797, 0.16627, 0.16264, 0.1593, 0.15416, 0.15501, 0.1551, 0.15241, 0.15009, 0.14501, 0.14577, 0.14191, 0.13713, 0.13197, 0.1278, 0.1297, 0.12979, 0.12693, 0.1224, 0.11884, 0.11762, 0.11459, 0.1089, 0.10981, 0.1064, 0.10038, 0.10325, 0.09868, 0.09537, 0.09313, 0.08997, 0.08849, 0.08754, 0.08162, 0.07911, 0.0782, 0.07348, 0.07243, 0.06734, 0.06475, 0.06532, 0.06308, 0.05868, 0.05689, 0.0549, 0.04905, 0.05115, 0.04695, 0.04609, 0.04515, 0.03968, 0.04051, 0.03683, 0.03417, 0.03402, 0.03281, 0.02932, 0.02804, 0.02627, 0.02477, 0.02435, 0.02258, 0.02103, 0.01847, 0.01858, 0.01802, 0.01691, 0.01535, 0.01391, 0.01384, 0.01263, 0.01144, 0.01146, 0.0103, 0.0092, 0.00947, 0.00824, 0.00765, 0.00719, 0.0066, 0.00628, 0.00615, 0.00561, 0.00533, 0.00499, 0.00475, 0.00436, 0.00417, 0.00414, 0.00364, 0.00348, 0.00347, 0.00322, 0.00306, 0.00287, 0.00273, 0.00269, 0.00259, 0.00252, 0.00249, 0.0025, 0.00245, 0.00238, 0.00236, 0.00231, 0.00225, 0.00228, 0.00227, 0.00225, 0.00228, 0.00227], "test_acc": [38.48, 50.74, 60.47, 62.95, 71.23, 75.46, 73.85, 77.73, 78.06, 81.88, 82.02, 83.01, 82.46, 82.86, 85.14, 82.78, 82.36, 84.75, 85.88, 83.6, 83.5, 84.39, 84.43, 86.71, 84.92, 85.04, 88.01, 84.31, 86.0, 87.58, 87.01, 85.79, 86.48, 86.68, 87.88, 88.59, 86.74, 88.68, 86.46, 87.79, 89.12, 88.98, 88.24, 87.43, 87.0, 87.16, 84.64, 87.13, 89.21, 87.9, 87.75, 88.39, 88.88, 85.76, 89.03, 89.28, 87.86, 89.65, 88.57, 89.12, 88.22, 89.34, 84.56, 89.5, 88.35, 89.89, 87.52, 88.61, 88.97, 88.76, 88.56, 89.31, 91.02, 89.03, 89.13, 88.53, 91.05, 90.84, 89.45, 90.13, 89.77, 91.07, 89.39, 89.43, 89.36, 90.13, 91.53, 90.43, 89.69, 90.7, 90.95, 90.24, 90.88, 90.94, 90.14, 91.97, 91.35, 91.84, 91.71, 91.5, 91.03, 91.97, 91.9, 92.05, 91.62, 91.91, 92.48, 91.63, 92.23, 91.02, 92.65, 91.7, 91.96, 92.23, 93.02, 91.67, 93.23, 92.51, 92.38, 92.53, 92.32, 92.38, 93.36, 93.05, 92.66, 93.2, 93.67, 93.81, 93.38, 93.2, 93.69, 93.08, 94.02, 94.1, 93.84, 94.06, 93.71, 94.02, 93.76, 94.28, 94.06, 94.12, 94.55, 94.3, 94.47, 94.84, 94.48, 94.54, 93.99, 94.66, 94.51, 94.51, 94.96, 94.68, 94.94, 94.99, 94.9, 95.3, 95.11, 95.51, 95.39, 95.41, 95.46, 95.39, 95.63, 95.52, 95.41, 95.83, 95.82, 95.69, 95.57, 95.67, 95.79, 95.8, 95.93, 95.91, 95.96, 96.01, 95.95, 96.08, 96.07, 96.0, 96.08, 96.14, 96.24, 96.24, 96.18, 96.08, 96.12, 96.28, 96.17, 96.18, 96.21, 96.25, 96.31, 96.27, 96.34, 96.32, 96.27, 96.24], "profiles": [{"epoch": 1, "cka": [0.355, 0.1639, 0.1055, 0.3878], "grad_phi": [0.645, 0.1912, 0.0583, -0.2822], "phi": [0.645, 0.8361, 0.8945, 0.6122]}, {"epoch": 20, "cka": [0.5882, 0.4212, 0.3585, 0.253], "grad_phi": [0.4118, 0.167, 0.0628, 0.1055], "phi": [0.4118, 0.5788, 0.6415, 0.747]}, {"epoch": 40, "cka": [0.4613, 0.3473, 0.3143, 0.2699], "grad_phi": [0.5387, 0.1141, 0.033, 0.0445], "phi": [0.5387, 0.6527, 0.6857, 0.7301]}, {"epoch": 60, "cka": [0.4437, 0.3731, 0.3608, 0.2146], "grad_phi": [0.5563, 0.0705, 0.0124, 0.1461], "phi": [0.5563, 0.6269, 0.6392, 0.7854]}, {"epoch": 80, "cka": [0.4558, 0.3793, 0.3767, 0.2408], "grad_phi": [0.5442, 0.0765, 0.0026, 0.1359], "phi": [0.5442, 0.6207, 0.6233, 0.7592]}, {"epoch": 100, "cka": [0.4622, 0.406, 0.3423, 0.2643], "grad_phi": [0.5378, 0.0562, 0.0637, 0.078], "phi": [0.5378, 0.594, 0.6577, 0.7357]}, {"epoch": 120, "cka": [0.3531, 0.3099, 0.2992, 0.2652], "grad_phi": [0.6469, 0.0432, 0.0107, 0.0341], "phi": [0.6469, 0.6901, 0.7008, 0.7348]}, {"epoch": 140, "cka": [0.4231, 0.416, 0.3229, 0.2462], "grad_phi": [0.5769, 0.0072, 0.0931, 0.0767], "phi": [0.5769, 0.584, 0.6771, 0.7538]}, {"epoch": 160, "cka": [0.3892, 0.4236, 0.3389, 0.2328], "grad_phi": [0.6108, -0.0345, 0.0847, 0.1061], "phi": [0.6108, 0.5764, 0.6611, 0.7672]}, {"epoch": 180, "cka": [0.3938, 0.4489, 0.3305, 0.2273], "grad_phi": [0.6062, -0.0551, 0.1185, 0.1032], "phi": [0.6062, 0.5511, 0.6695, 0.7727]}, {"epoch": 200, "cka": [0.3923, 0.439, 0.3367, 0.2304], "grad_phi": [0.6077, -0.0467, 0.1022, 0.1063], "phi": [0.6077, 0.561, 0.6633, 0.7696]}]}