{"method": "sam", "seed": 44, "cfg": {"lr": 0.1, "momentum": 0.9, "weight_decay": 0.0005, "epochs": 200, "batch_size": 128, "use_sam": true, "rho": 0.05, "lam_base": 0.0, "lam_sign": 0}, "train_loss": [2.04578, 1.53779, 1.25466, 1.00049, 0.84394, 0.70705, 0.62922, 0.56652, 0.52846, 0.49779, 0.46886, 0.44648, 0.43611, 0.41978, 0.40574, 0.39203, 0.38195, 0.37429, 0.36494, 0.35491, 0.35094, 0.34836, 0.34561, 0.33204, 0.326, 0.32684, 0.32397, 0.31516, 0.31638, 0.31087, 0.30957, 0.30288, 0.3004, 0.29662, 0.297, 0.29358, 0.29116, 0.28816, 0.2858, 0.2805, 0.27992, 0.2769, 0.27386, 0.27512, 0.26658, 0.26704, 0.26094, 0.26491, 0.26013, 0.25831, 0.25605, 0.24938, 0.25246, 0.25135, 0.2468, 0.2476, 0.2455, 0.24461, 0.24156, 0.24037, 0.23343, 0.23771, 0.23142, 0.22761, 0.22767, 0.22042, 0.22259, 0.22654, 0.21752, 0.21973, 0.21289, 0.2117, 0.21262, 0.20579, 0.20496, 0.20058, 0.20263, 0.19613, 0.19633, 0.19561, 0.1917, 0.18501, 0.1863, 0.18304, 0.18306, 0.17648, 0.17271, 0.17586, 0.17358, 0.16733, 0.16986, 0.16367, 0.15879, 0.16205, 0.15766, 0.15036, 0.15297, 0.1476, 0.15074, 0.14586, 0.13782, 0.14106, 0.13385, 0.13407, 0.12717, 0.12735, 0.12621, 0.12285, 0.12058, 0.11775, 0.12031, 0.114, 0.10689, 0.10744, 0.10303, 0.10287, 0.09687, 0.09783, 0.09315, 0.08915, 0.08685, 0.08531, 0.08328, 0.08229, 0.07564, 0.07666, 0.07261, 0.06975, 0.06731, 0.06313, 0.06142, 0.05943, 0.0555, 0.05403, 0.05083, 0.05121, 0.04951, 0.04598, 0.04465, 0.04163, 0.03731, 0.03705, 0.03701, 0.03414, 0.03005, 0.03066, 0.02772, 0.02695, 0.02602, 0.02263, 0.02257, 0.02058, 0.02002, 0.01811, 0.01735, 0.01693, 0.01513, 0.01451, 0.01302, 0.01235, 0.01185, 0.0111, 0.01036, 0.00986, 0.0086, 0.00867, 0.00796, 0.0074, 0.0069, 0.00605, 0.00593, 0.00559, 0.00513, 0.00493, 0.00457, 0.00444, 0.00414, 0.00395, 0.00371, 0.00356, 0.00333, 0.00313, 0.00306, 0.00294, 0.00285, 0.00281, 0.00272, 0.00258, 0.00256, 0.00251, 0.00248, 0.00245, 0.00239, 0.00235, 0.00232, 0.00231, 0.00231, 0.00229, 0.00232, 0.0023], "test_acc": [39.39, 46.2, 62.34, 66.67, 72.96, 72.33, 76.38, 77.7, 80.34, 80.88, 81.67, 79.9, 79.77, 81.74, 82.29, 85.75, 84.33, 84.67, 85.91, 84.46, 81.44, 85.91, 86.0, 87.15, 86.52, 86.37, 86.01, 86.29, 86.01, 87.31, 86.51, 87.71, 87.59, 86.1, 85.5, 86.87, 87.92, 85.68, 86.77, 87.95, 88.09, 86.13, 87.77, 88.06, 87.44, 88.91, 88.04, 85.22, 88.18, 87.88, 87.98, 88.09, 87.13, 88.12, 87.97, 89.13, 87.64, 87.85, 86.08, 87.14, 88.77, 89.18, 88.28, 90.23, 88.81, 88.75, 89.45, 88.47, 89.62, 89.87, 89.79, 90.01, 89.73, 90.26, 88.61, 90.63, 90.5, 89.89, 90.17, 89.35, 90.63, 90.19, 90.76, 91.17, 90.1, 90.87, 90.53, 89.83, 90.88, 90.26, 90.71, 90.67, 91.57, 91.0, 90.56, 91.38, 91.38, 91.45, 91.11, 92.02, 92.03, 91.68, 91.73, 90.06, 92.81, 91.91, 91.49, 92.75, 90.36, 91.1, 92.09, 91.95, 92.03, 92.54, 90.53, 91.71, 92.58, 91.68, 93.19, 91.92, 92.68, 92.86, 92.29, 93.2, 93.04, 92.89, 92.77, 92.98, 93.0, 93.06, 93.01, 93.56, 93.62, 93.72, 94.0, 93.46, 93.27, 93.7, 93.44, 93.77, 94.32, 94.16, 94.32, 94.34, 94.44, 94.44, 93.96, 94.69, 94.52, 94.61, 94.46, 94.92, 94.71, 94.62, 94.73, 94.8, 94.84, 94.69, 94.95, 95.1, 94.76, 95.31, 95.05, 95.15, 95.38, 94.98, 95.46, 95.46, 95.33, 95.45, 95.42, 95.47, 95.62, 95.59, 95.82, 95.52, 95.69, 95.58, 95.73, 95.69, 95.68, 95.73, 95.72, 95.64, 95.92, 95.93, 95.91, 95.86, 95.79, 95.97, 95.98, 96.0, 95.86, 95.98, 95.88, 95.88, 95.87, 95.94, 95.84, 95.89], "profiles": [{"epoch": 1, "cka": [0.2437, 0.1033, 0.0609, 0.2974], "grad_phi": [0.7563, 0.1403, 0.0424, -0.2365], "phi": [0.7563, 0.8967, 0.9391, 0.7026]}, {"epoch": 20, "cka": [0.4879, 0.3712, 0.3791, 0.2536], "grad_phi": [0.5121, 0.1166, -0.0078, 0.1255], "phi": [0.5121, 0.6288, 0.6209, 0.7464]}, {"epoch": 40, "cka": [0.508, 0.4478, 0.3591, 0.2387], "grad_phi": [0.492, 0.0602, 0.0887, 0.1204], "phi": [0.492, 0.5522, 0.6409, 0.7613]}, {"epoch": 60, "cka": [0.433, 0.3753, 0.3149, 0.2462], "grad_phi": [0.567, 0.0577, 0.0604, 0.0687], "phi": [0.567, 0.6247, 0.6851, 0.7538]}, {"epoch": 80, "cka": [0.4625, 0.4356, 0.3457, 0.2432], "grad_phi": [0.5375, 0.027, 0.0898, 0.1025], "phi": [0.5375, 0.5644, 0.6543, 0.7568]}, {"epoch": 100, "cka": [0.4329, 0.3958, 0.3361, 0.2529], "grad_phi": [0.5671, 0.0371, 0.0597, 0.0831], "phi": [0.5671, 0.6042, 0.6639, 0.7471]}, {"epoch": 120, "cka": [0.4289, 0.4501, 0.3685, 0.257], "grad_phi": [0.5711, -0.0212, 0.0816, 0.1115], "phi": [0.5711, 0.5499, 0.6315, 0.743]}, {"epoch": 140, "cka": [0.4474, 0.4402, 0.3583, 0.2414], "grad_phi": [0.5526, 0.0072, 0.0819, 0.1168], "phi": [0.5526, 0.5598, 0.6417, 0.7586]}, {"epoch": 160, "cka": [0.421, 0.4125, 0.3027, 0.2271], "grad_phi": [0.579, 0.0085, 0.1099, 0.0756], "phi": [0.579, 0.5875, 0.6973, 0.7729]}, {"epoch": 180, "cka": [0.4202, 0.4254, 0.3254, 0.2268], "grad_phi": [0.5798, -0.0052, 0.0999, 0.0986], "phi": [0.5798, 0.5746, 0.6746, 0.7732]}, {"epoch": 200, "cka": [0.4229, 0.4282, 0.3125, 0.2248], "grad_phi": [0.5771, -0.0053, 0.1157, 0.0877], "phi": [0.5771, 0.5718, 0.6875, 0.7752]}]}