{"method": "sgd", "seed": 46, "cfg": {"lr": 0.1, "momentum": 0.9, "weight_decay": 0.0005, "epochs": 200, "batch_size": 128, "use_sam": false, "rho": 0.0, "lam_base": 0.0, "lam_sign": 0}, "train_loss": [1.92098, 1.36326, 1.05119, 0.83825, 0.70316, 0.61597, 0.56502, 0.52858, 0.50138, 0.47919, 0.46231, 0.44332, 0.43793, 0.42554, 0.41602, 0.40524, 0.39878, 0.38397, 0.38025, 0.37934, 0.37437, 0.37213, 0.36477, 0.35788, 0.35589, 0.35735, 0.35524, 0.34794, 0.34487, 0.3409, 0.34231, 0.33918, 0.33474, 0.33787, 0.32958, 0.3282, 0.3294, 0.32423, 0.31955, 0.31793, 0.31886, 0.3115, 0.31528, 0.30955, 0.30673, 0.30882, 0.30661, 0.3029, 0.30615, 0.29378, 0.299, 0.29359, 0.29284, 0.29297, 0.28844, 0.28697, 0.28603, 0.29007, 0.27772, 0.27758, 0.27812, 0.27981, 0.26749, 0.27468, 0.2672, 0.26839, 0.27015, 0.26281, 0.26274, 0.25822, 0.25992, 0.25379, 0.25279, 0.25127, 0.24431, 0.24896, 0.24847, 0.24197, 0.23927, 0.23656, 0.23497, 0.23298, 0.23008, 0.23208, 0.22939, 0.22987, 0.22541, 0.2194, 0.21557, 0.2142, 0.21201, 0.2101, 0.20843, 0.20484, 0.19811, 0.20094, 0.20085, 0.19568, 0.19422, 0.18794, 0.18249, 0.19022, 0.18156, 0.1812, 0.17693, 0.17913, 0.16828, 0.16358, 0.16841, 0.16148, 0.16374, 0.15906, 0.16018, 0.14636, 0.14567, 0.15113, 0.14677, 0.14301, 0.13629, 0.1373, 0.12775, 0.12992, 0.12832, 0.12027, 0.11849, 0.11431, 0.1155, 0.1131, 0.10866, 0.10555, 0.10408, 0.09696, 0.09491, 0.09436, 0.09124, 0.08679, 0.08123, 0.08437, 0.07624, 0.07133, 0.07138, 0.06685, 0.06376, 0.06951, 0.05766, 0.05675, 0.05123, 0.05799, 0.04513, 0.04923, 0.04601, 0.04081, 0.04029, 0.03563, 0.03412, 0.03047, 0.03031, 0.02514, 0.02068, 0.02331, 0.02157, 0.0194, 0.01535, 0.01304, 0.01039, 0.01135, 0.00815, 0.00591, 0.00532, 0.00522, 0.0045, 0.00339, 0.00305, 0.00291, 0.00292, 0.00239, 0.00209, 0.00266, 0.00237, 0.00195, 0.0021, 0.00172, 0.00186, 0.00183, 0.00173, 0.00183, 0.00181, 0.00184, 0.00177, 0.00176, 0.00165, 0.00165, 0.00166, 0.00171, 0.00165, 0.00169, 0.00171, 0.00178, 0.00185, 0.00172], "test_acc": [37.82, 55.73, 64.5, 66.06, 75.57, 73.39, 73.15, 76.64, 75.92, 76.93, 81.17, 79.22, 81.42, 81.66, 79.19, 82.75, 83.59, 83.46, 82.86, 82.15, 82.79, 82.72, 81.34, 83.54, 83.58, 82.84, 83.03, 83.55, 85.46, 84.43, 83.27, 83.21, 83.32, 82.97, 84.24, 84.13, 86.49, 83.62, 82.25, 86.39, 86.15, 86.13, 79.12, 80.72, 83.81, 80.62, 84.66, 87.07, 86.0, 85.53, 83.2, 86.58, 86.78, 85.23, 85.64, 85.76, 84.51, 86.22, 87.3, 83.32, 86.32, 83.65, 83.44, 85.2, 87.62, 85.7, 81.69, 83.44, 84.78, 87.8, 85.43, 85.71, 84.61, 82.14, 87.1, 84.77, 87.36, 86.27, 88.14, 85.26, 86.71, 86.95, 88.96, 79.75, 86.48, 86.79, 88.88, 87.91, 87.41, 87.75, 85.92, 89.07, 89.55, 87.83, 89.53, 88.16, 87.75, 88.21, 87.8, 90.08, 88.5, 87.47, 87.12, 87.17, 90.31, 89.23, 89.82, 89.08, 89.7, 88.57, 88.21, 87.6, 89.41, 89.48, 90.31, 90.89, 89.71, 88.03, 88.55, 89.02, 88.22, 90.62, 89.39, 90.75, 90.35, 90.55, 90.71, 89.57, 90.95, 91.22, 91.32, 90.06, 91.07, 90.46, 90.69, 91.43, 92.21, 89.87, 90.57, 92.77, 92.43, 92.01, 90.5, 91.25, 92.06, 91.81, 92.72, 92.91, 92.56, 92.52, 92.28, 93.41, 93.41, 93.19, 92.84, 93.01, 93.11, 93.87, 92.88, 93.67, 93.22, 93.75, 94.17, 94.4, 94.27, 94.44, 94.69, 94.61, 94.96, 94.78, 94.92, 95.06, 94.98, 94.96, 94.98, 95.2, 95.22, 95.17, 95.35, 95.46, 95.47, 95.42, 95.39, 95.56, 95.61, 95.44, 95.54, 95.43, 95.47, 95.47, 95.5, 95.55, 95.57, 95.54, 95.55, 95.49, 95.59, 95.58, 95.51, 95.6], "profiles": [{"epoch": 1, "cka": [0.3827, 0.1658, 0.057, 0.1519], "grad_phi": [0.6173, 0.2169, 0.1088, -0.0949], "phi": [0.6173, 0.8342, 0.943, 0.8481]}, {"epoch": 20, "cka": [0.5075, 0.3873, 0.3153, 0.2321], "grad_phi": [0.4925, 0.1202, 0.072, 0.0833], "phi": [0.4925, 0.6127, 0.6847, 0.7679]}, {"epoch": 40, "cka": [0.4177, 0.413, 0.3411, 0.248], "grad_phi": [0.5823, 0.0047, 0.0719, 0.0931], "phi": [0.5823, 0.587, 0.6589, 0.752]}, {"epoch": 60, "cka": [0.4478, 0.3848, 0.353, 0.2381], "grad_phi": [0.5522, 0.063, 0.0318, 0.1149], "phi": [0.5522, 0.6152, 0.647, 0.7619]}, {"epoch": 80, "cka": [0.3563, 0.3788, 0.3249, 0.2243], "grad_phi": [0.6437, -0.0225, 0.0539, 0.1006], "phi": [0.6437, 0.6212, 0.6751, 0.7757]}, {"epoch": 100, "cka": [0.4915, 0.4197, 0.351, 0.2604], "grad_phi": [0.5085, 0.0718, 0.0687, 0.0906], "phi": [0.5085, 0.5803, 0.649, 0.7396]}, {"epoch": 120, "cka": [0.3993, 0.4008, 0.3161, 0.2432], "grad_phi": [0.6007, -0.0016, 0.0847, 0.0729], "phi": [0.6007, 0.5992, 0.6839, 0.7568]}, {"epoch": 140, "cka": [0.483, 0.4362, 0.3581, 0.2508], "grad_phi": [0.517, 0.0468, 0.0781, 0.1073], "phi": [0.517, 0.5638, 0.6419, 0.7492]}, {"epoch": 160, "cka": [0.4944, 0.4744, 0.3927, 0.2146], "grad_phi": [0.5056, 0.02, 0.0817, 0.1782], "phi": [0.5056, 0.5256, 0.6073, 0.7854]}, {"epoch": 180, "cka": [0.4058, 0.4292, 0.3364, 0.2197], "grad_phi": [0.5942, -0.0234, 0.0928, 0.1167], "phi": [0.5942, 0.5708, 0.6636, 0.7803]}, {"epoch": 200, "cka": [0.4052, 0.4384, 0.3348, 0.2178], "grad_phi": [0.5948, -0.0332, 0.1036, 0.117], "phi": [0.5948, 0.5616, 0.6652, 0.7822]}]}