{"method": "sgd", "seed": 45, "cfg": {"lr": 0.1, "momentum": 0.9, "weight_decay": 0.0005, "epochs": 200, "batch_size": 128, "use_sam": false, "rho": 0.0, "lam_base": 0.0, "lam_sign": 0}, "train_loss": [1.93753, 1.38392, 1.06937, 0.84343, 0.70846, 0.62009, 0.56592, 0.53054, 0.50838, 0.48795, 0.46766, 0.45158, 0.43713, 0.4312, 0.41579, 0.41015, 0.39932, 0.39518, 0.39317, 0.38008, 0.37999, 0.37877, 0.36384, 0.36416, 0.35927, 0.35777, 0.35201, 0.34788, 0.34507, 0.34491, 0.34065, 0.33849, 0.33613, 0.33891, 0.33148, 0.33081, 0.32396, 0.32345, 0.3214, 0.31486, 0.31836, 0.31382, 0.31791, 0.30914, 0.3173, 0.30857, 0.30677, 0.30451, 0.30358, 0.29867, 0.29726, 0.29322, 0.29683, 0.29066, 0.28954, 0.28714, 0.28519, 0.28603, 0.28586, 0.27891, 0.27808, 0.27502, 0.27645, 0.27545, 0.27058, 0.26951, 0.26626, 0.26213, 0.26433, 0.26058, 0.26179, 0.26015, 0.25683, 0.25261, 0.24928, 0.25008, 0.25069, 0.2442, 0.2393, 0.24016, 0.23103, 0.23997, 0.23344, 0.23454, 0.22676, 0.21976, 0.2265, 0.22048, 0.21831, 0.21418, 0.21511, 0.20969, 0.20881, 0.2008, 0.20472, 0.19903, 0.19714, 0.19911, 0.19545, 0.19628, 0.19205, 0.18116, 0.18385, 0.17948, 0.17561, 0.17412, 0.17108, 0.16899, 0.1608, 0.16577, 0.15948, 0.15515, 0.15448, 0.15447, 0.15069, 0.14955, 0.14132, 0.13631, 0.13821, 0.13198, 0.12992, 0.13087, 0.12587, 0.12442, 0.12289, 0.1178, 0.10967, 0.1065, 0.11264, 0.10414, 0.10052, 0.09938, 0.0958, 0.09391, 0.08908, 0.08708, 0.08024, 0.08109, 0.08273, 0.07756, 0.07179, 0.07056, 0.06255, 0.06296, 0.06393, 0.05598, 0.05838, 0.05484, 0.0526, 0.05085, 0.04306, 0.04135, 0.04101, 0.0336, 0.0347, 0.03113, 0.02389, 0.02903, 0.02385, 0.02314, 0.01901, 0.0196, 0.01688, 0.01532, 0.01232, 0.01146, 0.0108, 0.00725, 0.00688, 0.00696, 0.00513, 0.00396, 0.00357, 0.00311, 0.00281, 0.00258, 0.00264, 0.00222, 0.00213, 0.00202, 0.0018, 0.00198, 0.00175, 0.00188, 0.00179, 0.00178, 0.00181, 0.00166, 0.00176, 0.00171, 0.00167, 0.00173, 0.00165, 0.00169, 0.00169, 0.00167, 0.00163, 0.00169, 0.00177, 0.00165], "test_acc": [40.86, 55.98, 63.02, 69.16, 74.2, 78.71, 74.59, 73.24, 78.98, 77.23, 75.09, 76.77, 78.41, 82.07, 78.9, 77.0, 76.1, 77.59, 82.08, 84.51, 84.43, 84.95, 84.33, 84.08, 84.3, 86.44, 82.06, 77.95, 83.41, 82.18, 85.03, 82.31, 85.0, 74.21, 82.57, 84.64, 78.14, 81.81, 85.37, 85.63, 86.28, 83.09, 81.63, 79.21, 81.72, 85.52, 86.87, 86.33, 86.42, 84.51, 86.55, 80.56, 78.53, 85.97, 83.01, 85.42, 82.61, 83.65, 86.92, 86.77, 84.14, 81.88, 86.49, 85.52, 86.82, 85.6, 87.21, 87.28, 86.62, 81.97, 83.34, 88.24, 89.66, 86.05, 87.64, 85.91, 87.29, 88.94, 84.73, 87.92, 86.82, 87.27, 87.01, 85.54, 89.53, 88.98, 89.34, 87.88, 87.71, 87.39, 89.04, 85.79, 88.01, 88.2, 88.13, 89.7, 88.19, 89.69, 87.69, 86.5, 88.08, 88.38, 89.72, 89.26, 89.59, 87.57, 88.63, 88.58, 88.42, 87.5, 89.88, 88.76, 85.45, 87.84, 90.8, 90.12, 90.38, 89.85, 87.52, 90.16, 90.5, 91.06, 91.22, 88.72, 91.38, 89.52, 89.86, 92.02, 90.52, 91.62, 92.29, 91.44, 92.02, 89.73, 91.35, 92.04, 91.43, 91.55, 92.39, 90.84, 91.9, 92.82, 92.19, 91.38, 92.55, 91.74, 92.81, 90.91, 92.03, 93.31, 92.88, 92.94, 93.28, 93.01, 93.21, 93.17, 93.07, 93.34, 93.48, 93.72, 93.74, 93.72, 93.94, 94.23, 94.39, 94.09, 94.38, 94.9, 94.93, 94.8, 94.91, 95.16, 94.91, 95.17, 95.23, 95.17, 95.2, 95.25, 95.37, 95.49, 95.36, 95.48, 95.5, 95.51, 95.53, 95.56, 95.45, 95.49, 95.4, 95.46, 95.49, 95.44, 95.49, 95.47, 95.5, 95.48, 95.55, 95.5, 95.52, 95.57], "profiles": [{"epoch": 1, "cka": [0.268, 0.1553, 0.097, 0.3586], "grad_phi": [0.732, 0.1128, 0.0583, -0.2616], "phi": [0.732, 0.8447, 0.903, 0.6414]}, {"epoch": 20, "cka": [0.4449, 0.4404, 0.3856, 0.2778], "grad_phi": [0.5551, 0.0045, 0.0548, 0.1078], "phi": [0.5551, 0.5596, 0.6144, 0.7222]}, {"epoch": 40, "cka": [0.4811, 0.3794, 0.3391, 0.2696], "grad_phi": [0.5189, 0.1016, 0.0404, 0.0695], "phi": [0.5189, 0.6206, 0.6609, 0.7304]}, {"epoch": 60, "cka": [0.4445, 0.392, 0.3281, 0.2486], "grad_phi": [0.5555, 0.0525, 0.0639, 0.0795], "phi": [0.5555, 0.608, 0.6719, 0.7514]}, {"epoch": 80, "cka": [0.4068, 0.4093, 0.3594, 0.2563], "grad_phi": [0.5932, -0.0025, 0.0499, 0.1031], "phi": [0.5932, 0.5907, 0.6406, 0.7437]}, {"epoch": 100, "cka": [0.4776, 0.4659, 0.4129, 0.2773], "grad_phi": [0.5224, 0.0117, 0.053, 0.1356], "phi": [0.5224, 0.5341, 0.5871, 0.7227]}, {"epoch": 120, "cka": [0.4447, 0.4917, 0.4007, 0.2606], "grad_phi": [0.5553, -0.047, 0.091, 0.14], "phi": [0.5553, 0.5083, 0.5993, 0.7394]}, {"epoch": 140, "cka": [0.4709, 0.444, 0.3177, 0.2336], "grad_phi": [0.5291, 0.0269, 0.1262, 0.0841], "phi": [0.5291, 0.556, 0.6823, 0.7664]}, {"epoch": 160, "cka": [0.4467, 0.479, 0.3603, 0.2331], "grad_phi": [0.5533, -0.0323, 0.1187, 0.1272], "phi": [0.5533, 0.521, 0.6397, 0.7669]}, {"epoch": 180, "cka": [0.4368, 0.4751, 0.3298, 0.2161], "grad_phi": [0.5632, -0.0383, 0.1454, 0.1137], "phi": [0.5632, 0.5249, 0.6702, 0.7839]}, {"epoch": 200, "cka": [0.4323, 0.4779, 0.3221, 0.2195], "grad_phi": [0.5677, -0.0456, 0.1558, 0.1025], "phi": [0.5677, 0.5221, 0.6779, 0.7805]}]}