{"method": "sgd", "seed": 43, "cfg": {"lr": 0.1, "momentum": 0.9, "weight_decay": 0.0005, "epochs": 200, "batch_size": 128, "use_sam": false, "rho": 0.0, "lam_base": 0.0, "lam_sign": 0}, "train_loss": [2.08314, 1.48118, 1.19864, 0.96799, 0.81524, 0.68941, 0.61666, 0.5651, 0.53677, 0.50901, 0.4835, 0.4692, 0.44589, 0.44277, 0.43031, 0.41867, 0.41173, 0.40482, 0.39707, 0.38992, 0.38665, 0.37958, 0.37197, 0.3738, 0.36376, 0.36471, 0.35534, 0.35308, 0.34268, 0.34975, 0.34586, 0.34334, 0.33615, 0.33856, 0.33536, 0.33102, 0.32936, 0.32649, 0.32608, 0.32287, 0.32345, 0.31339, 0.31686, 0.31566, 0.30778, 0.30663, 0.30555, 0.30673, 0.30009, 0.29966, 0.30031, 0.29216, 0.29249, 0.29501, 0.28988, 0.2898, 0.29054, 0.28414, 0.285, 0.28292, 0.28213, 0.27481, 0.2789, 0.27303, 0.27122, 0.26585, 0.26555, 0.26524, 0.2657, 0.26002, 0.26131, 0.25424, 0.25447, 0.25254, 0.25075, 0.24493, 0.24496, 0.24339, 0.2434, 0.23397, 0.23395, 0.23337, 0.2315, 0.23275, 0.22932, 0.22204, 0.22374, 0.21912, 0.21539, 0.2213, 0.21092, 0.21155, 0.20946, 0.20565, 0.19843, 0.19951, 0.1946, 0.19248, 0.19831, 0.19361, 0.18614, 0.18438, 0.1791, 0.18051, 0.18085, 0.17245, 0.17229, 0.16742, 0.16449, 0.16589, 0.16277, 0.15446, 0.15727, 0.14919, 0.14743, 0.14946, 0.14105, 0.14146, 0.13649, 0.13178, 0.13189, 0.13459, 0.12636, 0.12112, 0.11678, 0.11533, 0.11582, 0.11214, 0.10372, 0.10628, 0.10597, 0.09867, 0.09267, 0.09342, 0.08866, 0.08758, 0.08338, 0.07803, 0.08159, 0.07807, 0.07107, 0.06906, 0.06459, 0.06491, 0.06048, 0.05245, 0.05292, 0.05388, 0.04645, 0.0491, 0.04506, 0.043, 0.03465, 0.03512, 0.03428, 0.03332, 0.02736, 0.02515, 0.0245, 0.02089, 0.01953, 0.01982, 0.01471, 0.01323, 0.01165, 0.00889, 0.00887, 0.00668, 0.00614, 0.00562, 0.00562, 0.00374, 0.00292, 0.00268, 0.00241, 0.0024, 0.00269, 0.00223, 0.00198, 0.00188, 0.00193, 0.00201, 0.00194, 0.00172, 0.00185, 0.00189, 0.00174, 0.00176, 0.00182, 0.00168, 0.0017, 0.00169, 0.00185, 0.00173, 0.00166, 0.0017, 0.00173, 0.0017, 0.0017, 0.00171], "test_acc": [35.69, 49.1, 62.61, 66.78, 67.66, 75.96, 63.57, 75.25, 70.7, 80.35, 80.21, 81.17, 81.44, 78.99, 80.41, 82.19, 76.74, 83.73, 82.05, 77.66, 79.03, 84.1, 82.52, 84.84, 81.08, 79.68, 83.72, 83.29, 79.4, 82.24, 82.67, 83.8, 82.34, 85.35, 82.89, 83.39, 85.53, 83.01, 83.05, 85.46, 83.88, 85.02, 84.49, 84.44, 86.03, 85.33, 82.99, 83.85, 86.18, 83.2, 84.58, 85.15, 87.07, 83.63, 85.21, 84.84, 84.92, 86.67, 86.27, 85.34, 87.15, 85.54, 82.56, 84.81, 85.91, 88.23, 84.2, 83.39, 85.6, 85.74, 86.0, 85.73, 88.46, 85.33, 87.66, 88.32, 88.65, 86.49, 88.68, 87.88, 86.5, 88.83, 86.07, 81.64, 86.66, 88.35, 87.1, 88.68, 85.1, 86.06, 88.75, 85.92, 89.01, 86.18, 85.53, 89.92, 87.03, 88.11, 88.87, 89.73, 89.5, 89.22, 88.46, 89.38, 89.34, 89.39, 88.29, 88.97, 88.69, 88.56, 89.45, 87.34, 89.54, 89.27, 89.18, 90.57, 90.13, 90.1, 90.22, 90.96, 88.88, 91.48, 91.25, 90.06, 90.53, 90.76, 91.34, 90.17, 91.53, 90.35, 91.45, 91.57, 91.05, 91.97, 90.77, 90.84, 91.26, 91.71, 91.69, 90.27, 91.02, 92.06, 91.62, 92.77, 92.66, 91.0, 92.34, 92.22, 92.68, 92.56, 92.96, 92.6, 92.89, 92.84, 92.82, 93.15, 93.0, 93.84, 93.9, 93.41, 94.07, 93.99, 94.2, 93.87, 94.09, 94.63, 93.85, 95.0, 94.45, 94.84, 94.86, 94.89, 95.12, 95.07, 95.21, 95.19, 95.15, 95.3, 95.41, 95.4, 95.3, 95.37, 95.43, 95.4, 95.48, 95.48, 95.58, 95.57, 95.47, 95.52, 95.49, 95.59, 95.52, 95.41, 95.49, 95.61, 95.55, 95.49, 95.63, 95.49], "profiles": [{"epoch": 1, "cka": [0.1854, 0.0737, 0.0521, 0.2284], "grad_phi": [0.8146, 0.1116, 0.0216, -0.1763], "phi": [0.8146, 0.9263, 0.9479, 0.7716]}, {"epoch": 20, "cka": [0.3394, 0.3253, 0.3082, 0.2216], "grad_phi": [0.6606, 0.0142, 0.0171, 0.0865], "phi": [0.6606, 0.6747, 0.6918, 0.7784]}, {"epoch": 40, "cka": [0.4419, 0.3637, 0.3635, 0.2792], "grad_phi": [0.5581, 0.0782, 0.0002, 0.0843], "phi": [0.5581, 0.6363, 0.6365, 0.7208]}, {"epoch": 60, "cka": [0.5636, 0.4463, 0.3919, 0.2678], "grad_phi": [0.4364, 0.1173, 0.0544, 0.124], "phi": [0.4364, 0.5537, 0.6081, 0.7322]}, {"epoch": 80, "cka": [0.4547, 0.4511, 0.3908, 0.2542], "grad_phi": [0.5453, 0.0036, 0.0603, 0.1366], "phi": [0.5453, 0.5489, 0.6092, 0.7458]}, {"epoch": 100, "cka": [0.4937, 0.4988, 0.3765, 0.2939], "grad_phi": [0.5063, -0.0051, 0.1223, 0.0826], "phi": [0.5063, 0.5012, 0.6235, 0.7061]}, {"epoch": 120, "cka": [0.48, 0.3841, 0.3212, 0.2689], "grad_phi": [0.52, 0.0959, 0.0629, 0.0523], "phi": [0.52, 0.6159, 0.6788, 0.7311]}, {"epoch": 140, "cka": [0.4614, 0.3924, 0.3272, 0.2347], "grad_phi": [0.5386, 0.069, 0.0652, 0.0925], "phi": [0.5386, 0.6076, 0.6728, 0.7653]}, {"epoch": 160, "cka": [0.4636, 0.4858, 0.3997, 0.2176], "grad_phi": [0.5364, -0.0223, 0.0861, 0.1822], "phi": [0.5364, 0.5142, 0.6003, 0.7824]}, {"epoch": 180, "cka": [0.4425, 0.455, 0.3701, 0.217], "grad_phi": [0.5575, -0.0125, 0.0848, 0.1531], "phi": [0.5575, 0.545, 0.6299, 0.783]}, {"epoch": 200, "cka": [0.4339, 0.4473, 0.3636, 0.2174], "grad_phi": [0.5661, -0.0134, 0.0837, 0.1462], "phi": [0.5661, 0.5527, 0.6364, 0.7826]}]}