{"method": "sgd", "seed": 44, "cfg": {"lr": 0.1, "momentum": 0.9, "weight_decay": 0.0005, "epochs": 200, "batch_size": 128, "use_sam": false, "rho": 0.0, "lam_base": 0.0, "lam_sign": 0}, "train_loss": [1.99149, 1.48145, 1.19332, 0.97322, 0.82979, 0.70575, 0.63026, 0.57492, 0.53968, 0.51601, 0.49041, 0.47124, 0.46317, 0.44199, 0.43238, 0.42305, 0.4166, 0.40369, 0.39692, 0.39078, 0.38536, 0.38333, 0.37897, 0.36865, 0.36319, 0.36364, 0.35867, 0.35323, 0.35457, 0.34724, 0.35062, 0.33818, 0.34154, 0.33682, 0.33183, 0.33299, 0.32423, 0.33396, 0.32521, 0.32314, 0.32049, 0.31975, 0.31048, 0.31671, 0.31203, 0.31003, 0.30587, 0.30708, 0.29675, 0.30789, 0.29923, 0.29567, 0.2924, 0.28884, 0.29114, 0.28589, 0.28859, 0.29, 0.27925, 0.28077, 0.2783, 0.28274, 0.27224, 0.27562, 0.27127, 0.26676, 0.26292, 0.27211, 0.25974, 0.26235, 0.25908, 0.25224, 0.25473, 0.24862, 0.25198, 0.24545, 0.24369, 0.24732, 0.23703, 0.2433, 0.23751, 0.23492, 0.2266, 0.23072, 0.22474, 0.222, 0.21996, 0.21842, 0.21943, 0.2175, 0.21541, 0.21358, 0.20806, 0.20661, 0.20893, 0.19622, 0.2002, 0.19356, 0.19677, 0.18838, 0.1848, 0.1875, 0.17926, 0.18018, 0.17481, 0.16917, 0.17387, 0.16862, 0.16231, 0.16419, 0.16396, 0.1592, 0.14995, 0.15222, 0.15026, 0.14293, 0.14377, 0.13971, 0.13504, 0.1313, 0.13147, 0.13045, 0.12471, 0.12108, 0.11981, 0.11418, 0.11632, 0.10975, 0.11149, 0.10313, 0.10096, 0.10081, 0.0925, 0.09098, 0.08698, 0.08654, 0.08327, 0.0813, 0.07657, 0.07128, 0.0697, 0.06785, 0.06913, 0.06782, 0.05507, 0.06073, 0.05049, 0.04816, 0.05048, 0.04331, 0.04783, 0.03976, 0.04107, 0.03474, 0.02963, 0.03065, 0.02741, 0.02589, 0.02049, 0.02035, 0.01747, 0.01541, 0.01344, 0.01391, 0.01117, 0.00804, 0.00657, 0.0062, 0.00618, 0.00422, 0.00442, 0.00424, 0.00369, 0.00339, 0.00278, 0.00237, 0.0024, 0.00216, 0.00195, 0.00207, 0.00205, 0.00176, 0.00188, 0.00188, 0.00169, 0.00176, 0.00176, 0.00168, 0.00187, 0.00186, 0.00169, 0.00185, 0.00168, 0.00161, 0.00167, 0.00172, 0.0017, 0.00171, 0.00173, 0.0016], "test_acc": [39.11, 49.94, 61.89, 66.94, 69.77, 71.84, 74.02, 74.63, 77.38, 77.66, 77.41, 75.97, 78.09, 75.98, 80.13, 80.86, 81.23, 79.33, 79.12, 79.31, 75.91, 81.84, 85.02, 85.04, 82.38, 78.92, 77.38, 84.18, 80.04, 81.94, 83.07, 81.09, 83.55, 79.56, 82.1, 82.92, 85.39, 86.28, 82.01, 84.39, 83.2, 85.16, 78.11, 86.24, 76.31, 82.39, 85.12, 87.78, 86.03, 84.06, 82.5, 84.87, 87.97, 84.02, 85.9, 84.48, 84.61, 86.55, 85.4, 83.82, 86.49, 85.37, 85.69, 84.67, 85.62, 82.06, 84.61, 86.8, 88.3, 83.75, 83.42, 85.9, 88.57, 86.55, 85.57, 87.84, 87.48, 84.61, 88.05, 87.06, 88.56, 86.53, 88.93, 87.76, 88.86, 88.42, 85.45, 89.62, 87.51, 87.4, 88.86, 86.77, 85.09, 87.59, 88.88, 89.36, 86.17, 88.76, 87.45, 88.48, 88.69, 89.87, 86.85, 87.47, 88.56, 88.82, 88.33, 89.72, 88.12, 86.55, 88.34, 89.12, 88.73, 89.63, 89.93, 90.2, 89.73, 90.16, 90.44, 91.17, 88.53, 89.15, 90.18, 90.14, 90.03, 90.94, 90.03, 90.51, 90.89, 90.57, 91.63, 90.72, 91.51, 91.95, 90.83, 91.34, 90.27, 91.63, 90.59, 91.12, 91.94, 92.46, 90.69, 91.64, 91.49, 92.37, 92.22, 93.02, 92.39, 92.53, 92.53, 92.61, 92.98, 92.19, 93.26, 93.72, 93.01, 93.85, 94.35, 93.54, 94.07, 93.72, 93.82, 94.43, 94.67, 94.81, 94.87, 94.63, 95.01, 94.91, 95.08, 95.28, 95.16, 95.37, 95.45, 95.45, 95.28, 95.47, 95.45, 95.43, 95.51, 95.53, 95.61, 95.53, 95.45, 95.45, 95.49, 95.47, 95.52, 95.56, 95.56, 95.56, 95.5, 95.57, 95.52, 95.59, 95.44, 95.55, 95.5, 95.5], "profiles": [{"epoch": 1, "cka": [0.3561, 0.1226, 0.0662, 0.2925], "grad_phi": [0.6439, 0.2334, 0.0564, -0.2263], "phi": [0.6439, 0.8774, 0.9338, 0.7075]}, {"epoch": 20, "cka": [0.4413, 0.4037, 0.3849, 0.2946], "grad_phi": [0.5587, 0.0376, 0.0188, 0.0903], "phi": [0.5587, 0.5963, 0.6151, 0.7054]}, {"epoch": 40, "cka": [0.4654, 0.4107, 0.3756, 0.236], "grad_phi": [0.5346, 0.0546, 0.0351, 0.1395], "phi": [0.5346, 0.5893, 0.6244, 0.764]}, {"epoch": 60, "cka": [0.4247, 0.3732, 0.315, 0.2354], "grad_phi": [0.5753, 0.0515, 0.0582, 0.0796], "phi": [0.5753, 0.6268, 0.685, 0.7646]}, {"epoch": 80, "cka": [0.4959, 0.3826, 0.3053, 0.2633], "grad_phi": [0.5041, 0.1133, 0.0773, 0.0419], "phi": [0.5041, 0.6174, 0.6947, 0.7367]}, {"epoch": 100, "cka": [0.4608, 0.4175, 0.3533, 0.2689], "grad_phi": [0.5392, 0.0432, 0.0643, 0.0843], "phi": [0.5392, 0.5825, 0.6467, 0.7311]}, {"epoch": 120, "cka": [0.4314, 0.4314, 0.3757, 0.2493], "grad_phi": [0.5686, -0.0001, 0.0557, 0.1264], "phi": [0.5686, 0.5686, 0.6243, 0.7507]}, {"epoch": 140, "cka": [0.4332, 0.4073, 0.3591, 0.2398], "grad_phi": [0.5668, 0.026, 0.0481, 0.1193], "phi": [0.5668, 0.5927, 0.6409, 0.7602]}, {"epoch": 160, "cka": [0.4536, 0.4244, 0.3278, 0.2336], "grad_phi": [0.5464, 0.0291, 0.0966, 0.0942], "phi": [0.5464, 0.5756, 0.6722, 0.7664]}, {"epoch": 180, "cka": [0.4179, 0.4147, 0.3202, 0.2215], "grad_phi": [0.5821, 0.0032, 0.0944, 0.0988], "phi": [0.5821, 0.5853, 0.6798, 0.7785]}, {"epoch": 200, "cka": [0.4153, 0.4135, 0.3211, 0.2199], "grad_phi": [0.5847, 0.0018, 0.0925, 0.1011], "phi": [0.5847, 0.5865, 0.6789, 0.7801]}]}