{"method": "sgd", "seed": 42, "cfg": {"lr": 0.1, "momentum": 0.9, "weight_decay": 0.0005, "epochs": 200, "batch_size": 128, "use_sam": false, "rho": 0.0, "lam_base": 0.0, "lam_sign": 0}, "train_loss": [2.10085, 1.53698, 1.25277, 1.01233, 0.81222, 0.68636, 0.6166, 0.56367, 0.53444, 0.50867, 0.49451, 0.4753, 0.45833, 0.44749, 0.43034, 0.41821, 0.41738, 0.40885, 0.39902, 0.39191, 0.38743, 0.38075, 0.37598, 0.37188, 0.36547, 0.36626, 0.35659, 0.36004, 0.35617, 0.34754, 0.34761, 0.34061, 0.34048, 0.3372, 0.34141, 0.33019, 0.3354, 0.32089, 0.32528, 0.32141, 0.31892, 0.3197, 0.31688, 0.31959, 0.31462, 0.30516, 0.30814, 0.30606, 0.29793, 0.30399, 0.30233, 0.29709, 0.29774, 0.29003, 0.29052, 0.29064, 0.28835, 0.28322, 0.28367, 0.28848, 0.27982, 0.28028, 0.27439, 0.26937, 0.27483, 0.27181, 0.26944, 0.26604, 0.26162, 0.25951, 0.26005, 0.25248, 0.25995, 0.24876, 0.25375, 0.24906, 0.24538, 0.24636, 0.24097, 0.23719, 0.23755, 0.23795, 0.23183, 0.23164, 0.22505, 0.22064, 0.22217, 0.21672, 0.21782, 0.21506, 0.21693, 0.20698, 0.20816, 0.20505, 0.20881, 0.19687, 0.20113, 0.19475, 0.19061, 0.19118, 0.18646, 0.18437, 0.18392, 0.17956, 0.17705, 0.17016, 0.17499, 0.17375, 0.16423, 0.16011, 0.1589, 0.16109, 0.15373, 0.15083, 0.14259, 0.1474, 0.14136, 0.14075, 0.13856, 0.13401, 0.1322, 0.12621, 0.1244, 0.12144, 0.1186, 0.11384, 0.10863, 0.11009, 0.11041, 0.10618, 0.10314, 0.09624, 0.09664, 0.09185, 0.0957, 0.09175, 0.08599, 0.07736, 0.07865, 0.07582, 0.07027, 0.06953, 0.06826, 0.06259, 0.05896, 0.05547, 0.04876, 0.05334, 0.05075, 0.04267, 0.04193, 0.04174, 0.03585, 0.03414, 0.03408, 0.02724, 0.02616, 0.02471, 0.01916, 0.01991, 0.02229, 0.01667, 0.0147, 0.01294, 0.01246, 0.00917, 0.00851, 0.00743, 0.00498, 0.0058, 0.00467, 0.00345, 0.00327, 0.0032, 0.00254, 0.00261, 0.00243, 0.00224, 0.00209, 0.00205, 0.00193, 0.00204, 0.00184, 0.00203, 0.00192, 0.00194, 0.00208, 0.00186, 0.00178, 0.00171, 0.00179, 0.00177, 0.00177, 0.00177, 0.0017, 0.0017, 0.00166, 0.00166, 0.0017, 0.00168], "test_acc": [36.43, 50.34, 56.02, 66.78, 73.58, 73.09, 76.69, 78.25, 76.97, 70.11, 79.28, 80.09, 72.9, 80.36, 79.47, 80.91, 78.1, 83.01, 80.18, 84.42, 81.5, 81.14, 80.09, 82.59, 79.96, 82.76, 82.3, 79.51, 84.96, 85.96, 75.18, 81.99, 85.55, 76.14, 81.2, 83.24, 87.08, 85.82, 84.85, 82.32, 79.67, 83.31, 83.07, 85.76, 81.74, 82.35, 82.32, 81.84, 86.21, 83.54, 83.02, 86.72, 85.82, 82.55, 84.33, 81.11, 84.73, 86.05, 86.88, 87.58, 84.35, 84.27, 86.78, 83.63, 83.93, 85.67, 88.29, 88.28, 86.18, 86.99, 86.19, 83.19, 87.14, 87.16, 85.28, 88.8, 86.85, 88.08, 87.18, 87.06, 88.44, 87.03, 87.38, 87.78, 88.45, 86.79, 87.53, 88.71, 84.59, 87.69, 89.53, 89.07, 86.24, 88.62, 86.72, 87.43, 88.21, 87.14, 87.12, 88.56, 89.29, 87.17, 89.02, 88.88, 89.05, 88.91, 89.32, 89.33, 90.25, 89.39, 88.36, 88.73, 90.76, 89.22, 90.59, 89.49, 89.35, 86.13, 90.52, 88.79, 91.14, 87.78, 90.57, 90.66, 90.8, 90.86, 90.47, 91.54, 89.83, 91.79, 90.43, 91.83, 90.88, 89.07, 90.71, 90.16, 90.02, 90.89, 89.59, 90.87, 91.6, 92.15, 92.42, 91.55, 91.97, 92.22, 92.39, 91.91, 92.12, 92.38, 92.12, 92.5, 92.61, 93.14, 92.82, 93.39, 92.95, 93.16, 93.38, 92.81, 93.8, 93.84, 94.17, 94.32, 94.07, 93.95, 94.48, 94.75, 94.43, 94.38, 94.58, 94.51, 94.75, 94.81, 94.88, 94.92, 95.0, 95.08, 95.22, 95.12, 95.24, 95.19, 95.27, 95.23, 95.08, 95.27, 95.3, 95.26, 95.31, 95.3, 95.27, 95.31, 95.25, 95.29, 95.29, 95.31, 95.32, 95.34, 95.26, 95.33], "profiles": [{"epoch": 1, "cka": [0.5454, 0.3191, 0.1593, 0.3618], "grad_phi": [0.4546, 0.2263, 0.1598, -0.2024], "phi": [0.4546, 0.6809, 0.8407, 0.6382]}, {"epoch": 20, "cka": [0.4413, 0.4049, 0.3911, 0.2656], "grad_phi": [0.5587, 0.0364, 0.0138, 0.1255], "phi": [0.5587, 0.5951, 0.6089, 0.7344]}, {"epoch": 40, "cka": [0.6344, 0.4507, 0.3024, 0.2636], "grad_phi": [0.3656, 0.1837, 0.1483, 0.0388], "phi": [0.3656, 0.5493, 0.6976, 0.7364]}, {"epoch": 60, "cka": [0.5974, 0.477, 0.3356, 0.2699], "grad_phi": [0.4026, 0.1204, 0.1414, 0.0657], "phi": [0.4026, 0.523, 0.6644, 0.7301]}, {"epoch": 80, "cka": [0.4435, 0.4013, 0.3561, 0.2142], "grad_phi": [0.5565, 0.0422, 0.0452, 0.1419], "phi": [0.5565, 0.5987, 0.6439, 0.7858]}, {"epoch": 100, "cka": [0.4639, 0.423, 0.4003, 0.2543], "grad_phi": [0.5361, 0.041, 0.0226, 0.1461], "phi": [0.5361, 0.577, 0.5997, 0.7457]}, {"epoch": 120, "cka": [0.508, 0.4023, 0.3841, 0.2908], "grad_phi": [0.492, 0.1057, 0.0182, 0.0933], "phi": [0.492, 0.5977, 0.6159, 0.7092]}, {"epoch": 140, "cka": [0.457, 0.4152, 0.3521, 0.2473], "grad_phi": [0.543, 0.0417, 0.0631, 0.1048], "phi": [0.543, 0.5848, 0.6479, 0.7527]}, {"epoch": 160, "cka": [0.4873, 0.4601, 0.3656, 0.2463], "grad_phi": [0.5127, 0.0272, 0.0944, 0.1194], "phi": [0.5127, 0.5399, 0.6344, 0.7537]}, {"epoch": 180, "cka": [0.4528, 0.4593, 0.3574, 0.2261], "grad_phi": [0.5472, -0.0065, 0.1018, 0.1313], "phi": [0.5472, 0.5407, 0.6426, 0.7739]}, {"epoch": 200, "cka": [0.4333, 0.4393, 0.3492, 0.2297], "grad_phi": [0.5667, -0.006, 0.0901, 0.1195], "phi": [0.5667, 0.5607, 0.6508, 0.7703]}]}