{
  "data_type": "real_lancedb_search",
  "n": 200,
  "d": 3072,
  "k_eff": 162,
  "sloppy_ratio": 98.16093709459075,
  "var7": 0.2946577373016303,
  "var14": 0.429789373177028,
  "eigenvalues": [
    0.014992560705004019,
    0.011503735632319321,
    0.010451222734456056,
    0.009508314981228503,
    0.007309399717611889,
    0.006943498066983133,
    0.006424530261585426,
    0.005343963979077934,
    0.0047783401500858325,
    0.00466690269884674,
    0.004440926915018299,
    0.004127717199859238,
    0.003875835848011679,
    0.0035539911848822374,
    0.0034636241687265893,
    0.0033295935156014557,
    0.003134011333662308,
    0.003116738660920042,
    0.0029115485437547755,
    0.0027978288899559232,
    0.0026633469065282,
    0.002597521048710959,
    0.002490284964727666,
    0.0023674673940499383,
    0.0023228631205418223,
    0.0022319479161497344,
    0.0021113963113281275,
    0.0020947540802096006,
    0.002022317824341492,
    0.0019976497982943874
  ]
}