{
  "experiment": "student_t_dT_nu_sweep",
  "paper": "Paper I OP-I-7",
  "gamma": 1.0,
  "quadrature": {
    "method": "Gauss-Legendre on y = tan(pi*u/2)",
    "nodes": 600
  },
  "nu_values": [
    1.5,
    2.0,
    3.0,
    5.0
  ],
  "counterexample_tol": 0.001,
  "nu_steps": [
    5e-05,
    0.0001,
    0.0002,
    0.0005
  ],
  "gamma_step_fractions": [
    5e-05,
    0.0001,
    0.0002,
    0.0005
  ],
  "results": [
    {
      "nu": 1.5,
      "gamma": 1.0,
      "fisher_metric": [
        [
          0.14354539362331442,
          -0.17777782888995786
        ],
        [
          -0.17777782888995786,
          0.6666666734054147
        ]
      ],
      "fisher_eigenvalues": [
        0.08884834620061285,
        0.7213637208281163
      ],
      "chebyshev": [
        -1.9352721367011783,
        1.4456631837056728
      ],
      "base_d_t": 1.2722620463823109,
      "base_ratio": 0.5266813545762442,
      "min_d_t": 1.2722620463101464,
      "max_d_t": 1.2722620488552217,
      "min_abs_d_t": 1.2722620463101464,
      "min_abs_d_t_over_t_norm": 0.5266813545463701,
      "step_envelope_spread": 2.545075261650709e-09
    },
    {
      "nu": 2.0,
      "gamma": 1.0,
      "fisher_metric": [
        [
          0.06086630072441296,
          -0.1333333334095771
        ],
        [
          -0.1333333334095771,
          0.7999999999999856
        ]
      ],
      "fisher_eigenvalues": [
        0.037549663626872606,
        0.823316637097526
      ],
      "chebyshev": [
        -1.4754808251017162,
        2.0501249449790193
      ],
      "base_d_t": 1.1480443099864956,
      "base_ratio": 0.45451310169587555,
      "min_d_t": 1.1480443099021187,
      "max_d_t": 1.1480443122455775,
      "min_abs_d_t": 1.1480443099021187,
      "min_abs_d_t_over_t_norm": 0.45451310166247055,
      "step_envelope_spread": 2.3434587603787804e-09
    },
    {
      "nu": 3.0,
      "gamma": 1.0,
      "fisher_metric": [
        [
          0.016911477868529097,
          -0.08333333333332747
        ],
        [
          -0.08333333333332747,
          0.9999999999999831
        ]
      ],
      "fisher_eigenvalues": [
        0.009897612903704823,
        1.0070138649648075
      ],
      "chebyshev": [
        -0.9639415941206881,
        3.0902240864274675
      ],
      "base_d_t": 0.94070997001372,
      "base_ratio": 0.290604744411744,
      "min_d_t": 0.9407099699454413,
      "max_d_t": 0.9407099718430345,
      "min_abs_d_t": 0.9407099699454413,
      "min_abs_d_t_over_t_norm": 0.2906047443906513,
      "step_envelope_spread": 1.8975931936893176e-09
    },
    {
      "nu": 5.0,
      "gamma": 1.0,
      "fisher_metric": [
        [
          0.003022588979668721,
          -0.04166666666666609
        ],
        [
          -0.04166666666666609,
          1.2499999999999787
        ]
      ],
      "fisher_eigenvalues": [
        0.0016318845155152788,
        1.2513907044641321
      ],
      "chebyshev": [
        -0.5189776089394529,
        4.660537260307747
      ],
      "base_d_t": 0.6532684320120774,
      "base_ratio": 0.13930913562730282,
      "min_d_t": 0.6532684319715543,
      "max_d_t": 0.6532684330970984,
      "min_abs_d_t": 0.6532684319715543,
      "min_abs_d_t_over_t_norm": 0.1393091356186613,
      "step_envelope_spread": 1.1255441023649837e-09
    }
  ],
  "interpretation": "All requested nu values remain bounded away from zero on the (nu, gamma) Student t manifold at gamma=1.0. This is not the same tangent plane as the Cauchy location-scale N0 witness."
}
