{
  "model": "codebert",
  "target_layer": 12,
  "hidden_dim": 768,
  "n_pairs": 246,
  "ablation": false,
  "results": {
    "hybrid_lxi_0.0": {
      "mode": "hybrid",
      "n_folds": 5,
      "mean_rho": 0.9579709922110187,
      "mean_partial_rho": 0.9545035086578906,
      "mean_recall_at_1": 1.0,
      "lxi_lambda": 0.0
    },
    "hybrid_lxi_0.01": {
      "mode": "hybrid",
      "n_folds": 5,
      "mean_rho": 0.961737033313337,
      "mean_partial_rho": 0.959502381415489,
      "mean_recall_at_1": 1.0,
      "lxi_lambda": 0.01
    },
    "hybrid_lxi_0.1": {
      "mode": "hybrid",
      "n_folds": 5,
      "mean_rho": 0.9622048975859432,
      "mean_partial_rho": 0.9591531356063546,
      "mean_recall_at_1": 1.0,
      "lxi_lambda": 0.1
    },
    "hybrid_lxi_1.0": {
      "mode": "hybrid",
      "n_folds": 5,
      "mean_rho": 0.9631681246445829,
      "mean_partial_rho": 0.9597954360852059,
      "mean_recall_at_1": 1.0,
      "lxi_lambda": 1.0
    }
  },
  "detailed_results": {
    "hybrid_lxi_0.0": {
      "mode": "hybrid",
      "n_folds": 5,
      "mean_rho": 0.9579709922110187,
      "mean_partial_rho": 0.9545035086578906,
      "mean_recall_at_1": 1.0,
      "folds": [
        {
          "rho": 0.9463849327325062,
          "rho_p": 3.3601410829646078e-25,
          "partial_rho": 0.9421139379305679,
          "mse": 0.009014692820871351,
          "n": 50,
          "recall_at_1": 1.0,
          "recall_at_3": 1.0,
          "fold": 0,
          "train_loss": 0.0005714197459642126
        },
        {
          "rho": 0.9650211515764049,
          "rho_p": 5.6487438751091e-29,
          "partial_rho": 0.9580852858755894,
          "mse": 0.008965733493422,
          "n": 49,
          "recall_at_1": 1.0,
          "recall_at_3": 1.0,
          "fold": 1,
          "train_loss": 0.0005635507746604061
        },
        {
          "rho": 0.9554474240723938,
          "rho_p": 1.4973664476845797e-26,
          "partial_rho": 0.9539919879445176,
          "mse": 0.005850032204491532,
          "n": 49,
          "recall_at_1": 1.0,
          "recall_at_3": 1.0,
          "fold": 2,
          "train_loss": 0.0006951695491009334
        },
        {
          "rho": 0.9580333374582756,
          "rho_p": 3.779519728534133e-27,
          "partial_rho": 0.953513531089658,
          "mse": 0.005400813807713135,
          "n": 49,
          "recall_at_1": 1.0,
          "recall_at_3": 1.0,
          "fold": 3,
          "train_loss": 0.0006548822770435183
        },
        {
          "rho": 0.9649681152155133,
          "rho_p": 5.850084833335761e-29,
          "partial_rho": 0.9648128004491204,
          "mse": 0.006483669791791342,
          "n": 49,
          "recall_at_1": 1.0,
          "recall_at_3": 1.0,
          "fold": 4,
          "train_loss": 0.0006604521832415286
        }
      ],
      "lxi_lambda": 0.0
    },
    "hybrid_lxi_0.01": {
      "mode": "hybrid",
      "n_folds": 5,
      "mean_rho": 0.961737033313337,
      "mean_partial_rho": 0.959502381415489,
      "mean_recall_at_1": 1.0,
      "folds": [
        {
          "rho": 0.943886452994989,
          "rho_p": 9.745572662703556e-25,
          "partial_rho": 0.9392868843668549,
          "mse": 0.004889527320172181,
          "n": 50,
          "recall_at_1": 1.0,
          "recall_at_3": 1.0,
          "fold": 0,
          "train_loss": 0.008699180572578798
        },
        {
          "rho": 0.9733487191764356,
          "rho_p": 1.038693189795085e-31,
          "partial_rho": 0.9699933777559518,
          "mse": 0.005865528379479409,
          "n": 49,
          "recall_at_1": 1.0,
          "recall_at_3": 1.0,
          "fold": 1,
          "train_loss": 0.008794064229344808
        },
        {
          "rho": 0.9514548761736664,
          "rho_p": 1.0767557010167262e-25,
          "partial_rho": 0.9521044309627303,
          "mse": 0.016738581012272092,
          "n": 49,
          "recall_at_1": 1.0,
          "recall_at_3": 1.0,
          "fold": 2,
          "train_loss": 0.008779458292679588
        },
        {
          "rho": 0.9680144509275476,
          "rho_p": 7.131569517585305e-30,
          "partial_rho": 0.964534793362776,
          "mse": 0.007015487545149672,
          "n": 49,
          "recall_at_1": 1.0,
          "recall_at_3": 1.0,
          "fold": 3,
          "train_loss": 0.008783992833746266
        },
        {
          "rho": 0.9719806672940472,
          "rho_p": 3.3180052720061686e-31,
          "partial_rho": 0.9715924206291322,
          "mse": 0.005877473130393961,
          "n": 49,
          "recall_at_1": 1.0,
          "recall_at_3": 1.0,
          "fold": 4,
          "train_loss": 0.008851542518129052
        }
      ],
      "lxi_lambda": 0.01
    },
    "hybrid_lxi_0.1": {
      "mode": "hybrid",
      "n_folds": 5,
      "mean_rho": 0.9622048975859432,
      "mean_partial_rho": 0.9591531356063546,
      "mean_recall_at_1": 1.0,
      "folds": [
        {
          "rho": 0.9537334025487334,
          "rho_p": 1.0615984422182147e-26,
          "partial_rho": 0.9500169753790854,
          "mse": 0.00599816626958027,
          "n": 50,
          "recall_at_1": 1.0,
          "recall_at_3": 1.0,
          "fold": 0,
          "train_loss": 0.08142964564719979
        },
        {
          "rho": 0.977306884023364,
          "rho_p": 2.4796352039387267e-33,
          "partial_rho": 0.9689134494555842,
          "mse": 0.007830812909931461,
          "n": 49,
          "recall_at_1": 1.0,
          "recall_at_3": 1.0,
          "fold": 1,
          "train_loss": 0.08279967612497093
        },
        {
          "rho": 0.9459779194407967,
          "rho_p": 1.2497738904816712e-24,
          "partial_rho": 0.9465526482294503,
          "mse": 0.018292781912487698,
          "n": 49,
          "recall_at_1": 1.0,
          "recall_at_3": 1.0,
          "fold": 2,
          "train_loss": 0.08201599529551976
        },
        {
          "rho": 0.968577488097609,
          "rho_p": 4.7272605662311e-30,
          "partial_rho": 0.9651397846067341,
          "mse": 0.00426131605235868,
          "n": 49,
          "recall_at_1": 1.0,
          "recall_at_3": 1.0,
          "fold": 3,
          "train_loss": 0.08175846032306627
        },
        {
          "rho": 0.9654287938192125,
          "rho_p": 4.3077998786666003e-29,
          "partial_rho": 0.9651428203609193,
          "mse": 0.006433268400551332,
          "n": 49,
          "recall_at_1": 1.0,
          "recall_at_3": 1.0,
          "fold": 4,
          "train_loss": 0.08347575508322813
        }
      ],
      "lxi_lambda": 0.1
    },
    "hybrid_lxi_1.0": {
      "mode": "hybrid",
      "n_folds": 5,
      "mean_rho": 0.9631681246445829,
      "mean_partial_rho": 0.9597954360852059,
      "mean_recall_at_1": 1.0,
      "folds": [
        {
          "rho": 0.9507940146222427,
          "rho_p": 4.503580082931519e-26,
          "partial_rho": 0.9465218583355719,
          "mse": 0.0060228004964237095,
          "n": 50,
          "recall_at_1": 1.0,
          "recall_at_3": 1.0,
          "fold": 0,
          "train_loss": 0.8324621397317672
        },
        {
          "rho": 0.971498148598651,
          "rho_p": 4.929978743419346e-31,
          "partial_rho": 0.9618978585495872,
          "mse": 0.006247344571869177,
          "n": 49,
          "recall_at_1": 1.0,
          "recall_at_3": 1.0,
          "fold": 1,
          "train_loss": 0.8186856940918162
        },
        {
          "rho": 0.9465409710675403,
          "rho_p": 9.831201355706557e-25,
          "partial_rho": 0.9465992371398639,
          "mse": 0.023116173671214067,
          "n": 49,
          "recall_at_1": 1.0,
          "recall_at_3": 1.0,
          "fold": 2,
          "train_loss": 0.8042529061966136
        },
        {
          "rho": 0.9750780081519556,
          "rho_p": 2.187805603536694e-32,
          "partial_rho": 0.9724372374386266,