{
  "tc": 0.62,
  "R2_uw": 0.9278766709851867,
  "R2_w": 0.718551399246842,
  "beta_full": 1.0816177659701047,
  "beta_excl": 1.3626980339000823,
  "bootstrap_ci": [
    0.9989951744559362,
    1.2407173301521064
  ],
  "n_sessions": 30,
  "total_steps": 6053,
  "sweep": {
    "0.5": {
      "N": 1.0,
      "sN": 0.0,
      "C": 0.8414439052238428,
      "sC": 0.020740827333065672,
      "n": 30
    },
    "0.51": {
      "N": 1.0,
      "sN": 0.0,
      "C": 0.8414439052238428,
      "sC": 0.020740827333065672,
      "n": 30
    },
    "0.52": {
      "N": 1.0,
      "sN": 0.0,
      "C": 0.8414439052238428,
      "sC": 0.020740827333065672,
      "n": 30
    },
    "0.53": {
      "N": 1.0,
      "sN": 0.0,
      "C": 0.8414439052238428,
      "sC": 0.020740827333065672,
      "n": 30
    },
    "0.54": {
      "N": 1.0,
      "sN": 0.0,
      "C": 0.8414439052238428,
      "sC": 0.020740827333065672,
      "n": 30
    },
    "0.55": {
      "N": 1.0,
      "sN": 0.0,
      "C": 0.8414439052238428,
      "sC": 0.020740827333065672,
      "n": 30
    },
    "0.56": {
      "N": 1.0,
      "sN": 0.0,
      "C": 0.8414439052238428,
      "sC": 0.020740827333065672,
      "n": 30
    },
    "0.57": {
      "N": 1.0,
      "sN": 0.0,
      "C": 0.8414439052238428,
      "sC": 0.020740827333065672,
      "n": 30
    },
    "0.58": {
      "N": 1.0,
      "sN": 0.0,
      "C": 0.8414439052238428,
      "sC": 0.020740827333065672,
      "n": 30
    },
    "0.59": {
      "N": 1.0,
      "sN": 0.0,
      "C": 0.8414439052238428,
      "sC": 0.020740827333065672,
      "n": 30
    },
    "0.6": {
      "N": 1.0,
      "sN": 0.0,
      "C": 0.8414439052238428,
      "sC": 0.020740827333065672,
      "n": 30
    },
    "0.61": {
      "N": 1.0,
      "sN": 0.0,
      "C": 0.8414439052238428,
      "sC": 0.020740827333065672,
      "n": 30
    },
    "0.62": {
      "N": 1.0,
      "sN": 0.0,
      "C": 0.8414439052238428,
      "sC": 0.020740827333065672,
      "n": 30
    },
    "0.63": {
      "N": 1.1333333333333333,
      "sN": 0.33993463423951903,
      "C": 0.8424915293543276,
      "sC": 0.019938007664365525,
      "n": 30
    },
    "0.64": {
      "N": 1.6,
      "sN": 1.0198039027185568,
      "C": 0.8424639142111283,
      "sC": 0.017636446018006055,
      "n": 30
    },
    "0.65": {
      "N": 2.1,
      "sN": 1.6802777548171415,
      "C": 0.8403087678262732,
      "sC": 0.01963920013912482,
      "n": 30
    },
    "0.66": {
      "N": 2.466666666666667,
      "sN": 1.8749814813900312,
      "C": 0.8461276524981671,
      "sC": 0.024701166313229772,
      "n": 30
    },
    "0.67": {
      "N": 3.3666666666666667,
      "sN": 2.5097587312108085,
      "C": 0.8500942904436574,
      "sC": 0.02780178857048456,
      "n": 30
    },
    "0.68": {
      "N": 4.9,
      "sN": 3.3699653806332592,
      "C": 0.8539495983830938,
      "sC": 0.030422524879286608,
      "n": 30
    },
    "0.69": {
      "N": 6.2,
      "sN": 4.044749683231337,
      "C": 0.8547219033970526,
      "sC": 0.030620812189260136,
      "n": 30
    },
    "0.7": {
      "N": 8.266666666666667,
      "sN": 4.697043987682276,
      "C": 0.868425923618527,
      "sC": 0.029054457642977465,
      "n": 30
    },
    "0.71": {
      "N": 10.633333333333333,
      "sN": 6.193993506257136,
      "C": 0.875722812894805,
      "sC": 0.02862787425469035,
      "n": 30
    },
    "0.72": {
      "N": 12.533333333333333,
      "sN": 7.144850515503379,
      "C": 0.8792793625421941,
      "sC": 0.02519718530596263,
      "n": 30
    },
    "0.73": {
      "N": 15.1,
      "sN": 8.01394617734193,
      "C": 0.8843804921422749,
      "sC": 0.025682503727997928,
      "n": 30
    },
    "0.74": {
      "N": 17.4,
      "sN": 9.192750767135301,
      "C": 0.8868885651566796,
      "sC": 0.02466768585712592,
      "n": 30
    },
    "0.75": {
      "N": 20.966666666666665,
      "sN": 10.811978953405749,
      "C": 0.8920209447348194,
      "sC": 0.021317147480026357,
      "n": 30
    },
    "0.76": {
      "N": 25.666666666666668,
      "sN": 14.225173304939224,
      "C": 0.8986426256985525,
      "sC": 0.019369030166474937,
      "n": 30
    },
    "0.77": {
      "N": 29.833333333333332,
      "sN": 15.271069234194295,
      "C": 0.9037606597796269,
      "sC": 0.016267733884498654,
      "n": 30
    },
    "0.78": {
      "N": 35.6,
      "sN": 18.422088191443805,
      "C": 0.9091432846235706,
      "sC": 0.01474656414366477,
      "n": 30
    },
    "0.79": {
      "N": 42.13333333333333,
      "sN": 20.157270538333197,
      "C": 0.9174643982438593,
      "sC": 0.011936807558204768,
      "n": 30
    },
    "0.8": {
      "N": 49.4,
      "sN": 21.29413064672986,
      "C": 0.9240898197350677,
      "sC": 0.011053894477106325,
      "n": 30
    },
    "0.81": {
      "N": 58.5,
      "sN": 22.924150293231516,
      "C": 0.9306900594750306,
      "sC": 0.011539377678800608,
      "n": 30
    },
    "0.82": {
      "N": 68.23333333333333,
      "sN": 25.40693256224022,
      "C": 0.9374679089376098,
      "sC": 0.012433397869546002,
      "n": 30
    },
    "0.83": {
      "N": 80.26666666666667,
      "sN": 28.39006085860958,
      "C": 0.9470271709428215,
      "sC": 0.0095992077825711,
      "n": 30
    },
    "0.84": {
      "N": 91.0,
      "sN": 30.039973368829738,
      "C": 0.9551543561993407,
      "sC": 0.007965553133727314,
      "n": 30
    },
    "0.85": {
      "N": 103.83333333333333,
      "sN": 32.43977325581807,
      "C": 0.9625865201268471,
      "sC": 0.007746997703140549,
      "n": 30
    },
    "0.86": {
      "N": 118.1,
      "sN": 36.083560430386214,
      "C": 0.9698228031751159,
      "sC": 0.0063906130264588445,
      "n": 30
    },
    "0.87": {
      "N": 132.8,
      "sN": 38.01964404532654,
      "C": 0.9760288592701978,
      "sC": 0.006464424024598124,
      "n": 30
    },
    "0.88": {
      "N": 145.73333333333332,
      "sN": 40.308752840488076,
      "C": 0.981865701837963,
      "sC": 0.004926345868108117,
      "n": 30
    },
    "0.89": {
      "N": 157.9,
      "sN": 42.953734800752,
      "C": 0.9874357483639696,
      "sC": 0.0037863644403526714,
      "n": 30
    },
    "0.9": {
      "N": 167.56666666666666,
      "sN": 43.306414716015865,
      "C": 0.9915339927311325,
      "sC": 0.002623361352567952,
      "n": 30
    },
    "0.91": {
      "N": 175.36666666666667,
      "sN": 44.03368659964273,
      "C": 0.9945031786107822,
      "sC": 0.0018827502354287057,
      "n": 30
    },
    "0.92": {
      "N": 181.23333333333332,
      "sN": 45.2604929516043,
      "C": 0.996443557436944,
      "sC": 0.0016564042147957279,
      "n": 30
    },
    "0.93": {
      "N": 185.06666666666666,
      "sN": 46.195189744772726,
      "C": 0.9976632596357469,
      "sC": 0.0016193379783751816,
      "n": 30
    },
    "0.94": {
      "N": 187.73333333333332,
      "sN": 46.59537411470036,
      "C": 0.9983937517238297,
      "sC": 0.0015186639470824309,
      "n": 30
    },
    "0.95": {
      "N": 189.33333333333334,
      "sN": 47.13974496701859,
      "C": 0.9987978168326277,
      "sC": 0.0012705309850572944,
      "n": 30
    }
  }
}