{
  "experiment": "e12_kerG_30sessions",
  "tau": 0.7,
  "n_sessions": 30,
  "total_chunks": 248,
  "avg_chunk_size": 24.407258064516128,
  "method_1_boundary_drift": {
    "n": 406,
    "d": 768,
    "k_50": 27,
    "k_90": 136,
    "k_95": 181,
    "k_signal": 1,
    "participation_ratio": 44.1500773316318,
    "eigenvalues_top50": [
      0.008738302068318146,
      0.0027059139741750274,
      0.001979248523985351,
      0.0019151213586091403,
      0.0017673440778360216,
      0.0015867646027797559,
      0.001404398129808808,
      0.001263608952345151,
      0.0011614626232009564,
      0.0010857769536679438,
      0.0010752249592007425,
      0.0009992216893300332,
      0.0009586870032220415,
      0.0009120460015007973,
      0.0008911621961381603,
      0.0008773286555062175,
      0.000828768133781153,
      0.0007923536885203093,
      0.0007741466097487621,
      0.0007555152654123022,
      0.000743160269483742,
      0.0007046270905583996,
      0.0006920324979846018,
      0.0006667881697373623,
      0.0006650846979116378,
      0.0006540170259971824,
      0.0006266563777267114,
      0.0006145948064284555,
      0.0006003380744450897,
      0.0005939464057276019,
      0.0005774819364769246,
      0.0005624749259157323,
      0.0005481178713868628,
      0.0005342742267333936,
      0.0005215553168020575,
      0.000512470924997801,
      0.0004951159645163395,
      0.00048494255304350626,
      0.00047660048775578285,
      0.00046992792611113264,
      0.00045759215321356867,
      0.00044759225293150166,
      0.00044466397149343125,
      0.00043418237733813087,
      0.0004296552561346122,
      0.0004220868518808682,
      0.0004113085558790416,
      0.0004076763775817386,
      0.00039874481835533524,
      0.0003937691371943232
    ]
  },
  "method_2_within_chunk_residual": {
    "n": 5980,
    "d": 768,
    "k_50": 51,
    "k_90": 323,
    "k_95": 445,
    "k_signal": 3,
    "participation_ratio": 106.4495358331533,
    "eigenvalues_top50": [
      0.0030766696190249777,
      0.0024621827484157996,
      0.0020386183551556174,
      0.0015574740165815123,
      0.0013769466548526807,
      0.0011159528329749086,
      0.0010646024672786162,
      0.0009561268982536321,
      0.0009109017529266431,
      0.0008872066297182393,
      0.0008078718172383193,
      0.0007488444316840642,
      0.0007228253967520664,
      0.0006938686820708133,
      0.0006211090623057753,
      0.0005869136410891531,
      0.0005769130963486516,
      0.0005579055580157578,
      0.000546283586693238,
      0.0005264740007127813,
      0.0004935411522480659,
      0.00048382233997983754,
      0.00046792440322257955,
      0.00045981141311271983,
      0.00045330859221924844,
      0.0004455391197039,
      0.00043107872069574906,
      0.00042074568408154996,
      0.0004064768931194944,
      0.00040076172056387253,
      0.00039399114404484734,
      0.0003811446130290153,
      0.0003765509381129085,
      0.0003735191030926308,
      0.00036825363784011354,
      0.0003499934817078356,
      0.0003454748999800889,
      0.00034180529183901035,
      0.0003402137196143015,
      0.0003318906592635716,
      0.0003294419654172619,
      0.0003207472032308096,
      0.0003165268456061542,
      0.0003024761752149579,
      0.0003008139146073361,
      0.00029383601709162603,
      0.00028833165040999725,
      0.00028456698197684195,
      0.0002790261133034745,
      0.0002759403919994254
    ]
  },
  "method_3_fisher": {
    "n_chunks": 189,
    "n_total": 5980,
    "fisher_ratios": [
      2.451982451694492,
      1.480323531440759,
      0.20884249305710015,
      0.43594451096058956,
      0.5463122214484103,
      1.1169290835035706,
      0.27571906718694406,
      0.7190011156644442,
      0.31641225049513017,
      0.7392490936533846,
      0.5110716552268976,
      0.7382126916832987,
      0.5965796823934063,
      0.2972642976137886,
      0.544325849738026,
      0.6249505434566821,
      0.350636901119073,
      0.33477979857987045,
      0.39199993814883943,
      0.5636701027602243,
      0.546966407868367,
      0.46923741340770336,
      0.32589473277650544,
      0.2963254197959457,
      0.3621305357126733,
      0.4035160671570094,
      0.3764435895101892,
      0.359549610697252,
      0.3218226781777123,
      0.31949474472128925,
      0.20460273125296635,
      0.3210198136943776,
      0.33376574695569744,
      0.26339502212237875,
      0.2764090112258106,
      0.3329998522116537,
      0.3220915520309132,
      0.27275457161273614,
      0.27930303965486536,
      0.3575864954216029,
      0.2754977933704466,
      0.24809240401010216,
      0.29934811673595263,
      0.2891771032111075,
      0.25048930593160706,
      0.19874630289090525,
      0.2599126316803728,
      0.2002109747643148,
      0.25160913472856455,
      0.3188301187303384
    ],
    "top5_image_G": [
      0,
      1,
      5,
      9,
      11
    ],
    "top5_ker_G": [
      45,
      47,
      30,
      2,
      41
    ],
    "k_image_strong": 6,
    "k_ker_strong": 0
  },
  "correlations": {
    "image_G": [
      {
        "pc": 0,
        "fisher": 2.451982451694492,
        "correlations": {
          "Temporality": {
            "r": 0.00023683974619141907,
            "p": 0.9853017468654942
          },
          "Scale(log_len)": {
            "r": 0.0,
            "p": 1.0
          },
          "Precision(norm)": {
            "r": 0.07639891723930776,
            "p": 2.658812929866803e-09
          },
          "Function(question)": {
            "r": 0.0,
            "p": 1.0
          },
          "Function(code)": {
            "r": 0.0,
            "p": 1.0
          },
          "Valence": {
            "r": 0.0,
            "p": 1.0
          },
          "Value(E/I)": {
            "r": 0.0,
            "p": 1.0
          }
        }
      },
      {
        "pc": 1,
        "fisher": 1.480323531440759,
        "correlations": {
          "Temporality": {
            "r": -0.010337556486331476,
            "p": 0.42132311115848686
          },
          "Scale(log_len)": {
            "r": 0.0,
            "p": 1.0
          },
          "Precision(norm)": {
            "r": -0.2949402268136069,
            "p": 9.112376543578605e-122
          },
          "Function(question)": {
            "r": 0.0,
            "p": 1.0
          },
          "Function(code)": {
            "r": 0.0,
            "p": 1.0
          },
          "Valence": {
            "r": 0.0,
            "p": 1.0
          },
          "Value(E/I)": {
            "r": 0.0,
            "p": 1.0
          }
        }
      },
      {
        "pc": 5,
        "fisher": 1.1169290835035706,
        "correlations": {
          "Temporality": {
            "r": -0.027776929779948775,
            "p": 0.030691916208501546
          },
          "Scale(log_len)": {
            "r": 0.0,
            "p": 1.0
          },
          "Precision(norm)": {
            "r": -0.07586438590126039,
            "p": 3.4288586435499997e-09
          },
          "Function(question)": {
            "r": 0.0,
            "p": 1.0
          },
          "Function(code)": {
            "r": 0.0,
            "p": 1.0
          },
          "Valence": {
            "r": 0.0,
            "p": 1.0
          },
          "Value(E/I)": {
            "r": 0.0,
            "p": 1.0
          }
        }
      },
      {
        "pc": 9,
        "fisher": 0.7392490936533846,
        "correlations": {
          "Temporality": {
            "r": 0.00654420556004195,
            "p": 0.6107198278376521
          },
          "Scale(log_len)": {
            "r": 0.0,