{
  "eigenvalues": [
    0.013925026288446045,
    0.003123251658114936,
    0.0028351874738002224,
    0.0023129367940930706,
    0.0019909771711578705,
    0.00185070385440694,
    0.0017106090830309578,
    0.0015862968383333327,
    0.0014640894033523231,
    0.001423632782919808,
    0.0013701856464139177,
    0.0013268767727030095,
    0.0012653853613672867,
    0.0012227383577938455,
    0.0011440663488760275,
    0.00113194678934984,
    0.001087946559636522,
    0.0010772154079967432,
    0.0010560070394338946,
    0.0010339166734705779,
    0.0010159202166324967,
    0.0009646906904160944,
    0.0009599029358796349,
    0.0009339149620597841,
    0.0009184407749236639,
    0.0008877953663113671,
    0.0008641519572157179,
    0.000859872852963293,
    0.0008451287601154887,
    0.0008238602264900534,
    0.0008026118365248865,
    0.0007945110850720489,
    0.0007840221871761835,
    0.0007709062925961975,
    0.0007589730144475209,
    0.0007394885019209511,
    0.0007147285957788475,
    0.00071401221877747,
    0.0007033122114152674,
    0.0006909654207714427
  ],
  "log_eigenvalues": [
    -1.8562039762679658,
    -2.5053930207882718,
    -2.5474182185541396,
    -2.6358362350856988,
    -2.7009337196295493,
    -2.7326630705429653,
    -2.766849226274071,
    -2.7996155413641306,
    -2.8344324026512107,
    -2.846602019770998,
    -2.863220586310054,
    -2.877169408273537,
    -2.897777193991129,
    -2.9126664635874087,
    -2.9415487883793783,
    -2.9461739880195594,
    -2.9633924368299107,
    -2.9676974432663705,
    -2.9763331867481284,
    -2.9855144609617534,
    -2.993140397206415,
    -3.0156119125407574,
    -3.0177726800261535,
    -3.0296926667993955,
    -3.036948843662071,
    -3.0516871260268674,
    -3.0634098820841364,
    -3.0655657619410728,
    -3.0730771188046493,
    -3.084146463076091,
    -3.095494439793386,
    -3.099900039108536,
    -3.1056716469688244,
    -3.1129984093442697,
    -3.119773665323069,
    -3.1310685743257833,
    -3.145858841740279,
    -3.1462943561478793,
    -3.1528518419862435,
    -3.1605436862638916
  ],
  "gaps": [
    0.6491890445203059,
    0.04202519776586788,
    0.08841801653155912,
    0.06509748454385056,
    0.031729350913416,
    0.03418615573110584,
    0.03276631509005945,
    0.03481686128708006,
    0.012169617119787368,
    0.016618566539055912,
    0.013948821963483127,
    0.02060778571759192,
    0.014889269596279675,
    0.028882324791969616,
    0.004625199640181155,
    0.017218448810351283,
    0.004305006436459813,
    0.008635743481757885,
    0.009181274213625024,
    0.0076259362446613466,
    0.022471515334342662,
    0.0021607674853960646,
    0.01191998677324202,
    0.007256176862675545,
    0.014738282364796351,
    0.011722756057269024,
    0.002155879856936327,
    0.007511356863576513,
    0.011069344271441572,
    0.01134797671729526,
    0.004405599315149722,
    0.005771607860288519,
    0.007326762375445384,
    0.006775255978799244,
    0.011294909002714348,
    0.014790267414495517,
    0.0004355144076004791,
    0.00655748583836413,
    0.00769184427764813
  ],
  "k_sloppy_gap": 1,
  "gap_ranking_top10": [
    0,
    2,
    3,
    1,
    7,
    5,
    6,
    4,
    13,
    20
  ]
}