{
  "session": {
    "label": "session",
    "n_points": 1500,
    "dim": 3072,
    "k_sloppy_gap": 1,
    "eigenvalues": [
      0.013269894605111165,
      0.0031122517100771355,
      0.0026221582476214996,
      0.0022643593525906833,
      0.00192052227580104,
      0.0017371196708723538,
      0.0016773677218172556,
      0.0015212162867596262,
      0.0014549214236519088,
      0.001333925479090712,
      0.001260919826496809,
      0.0012349898354635802,
      0.0012007334279902236,
      0.0011571409374169454,
      0.001107017748823046,
      0.0010853995324314985,
      0.0010137501224622963,
      0.0009815293356666096,
      0.0009626377117035972,
      0.0009391681152271555,
      0.000911203840570295,
      0.0008860220701023184,
      0.0008708449578242495,
      0.0008580888473111279,
      0.0008324896492066211,
      0.0008102178453872047,
      0.0007902067976714697,
      0.0007681917989392447,
      0.0007544707196423812,
      0.0007394452250318072,
      0.000722658658246953,
      0.0007132335005458844,
      0.0006996221436678719,
      0.0006939857082832095,
      0.0006811980022965423,
      0.0006658738174833537,
      0.0006589446452744486,
      0.0006484136771897378,
      0.0006411269312888011,
      0.0006394878557145142
    ],
    "log_eigenvalues": [
      -1.87713252646491,
      -2.5069252857579194,
      -2.58134110212155,
      -2.645054649717497,
      -2.7165806511640658,
      -2.7601702618008765,
      -2.775371718521093,
      -2.8178090335023898,
      -2.837160461108228,
      -2.8748684319814606,
      -2.899312526445918,
      -2.908336616833663,
      -2.9205533985945307,
      -2.936613741640475,
      -2.955845416019095,
      -2.9644103698419157,
      -2.994069080317462,
      -3.008096715801377,
      -3.016537128671579,
      -3.0272566601509325,
      -3.040384458447205,
      -3.052555460049434,
      -3.060059158373492,
      -3.0664677425717186,
      -3.0796211576058994,
      -3.0913981955293255,
      -3.1022592386655683,
      -3.114530333586416,
      -3.1223576101554467,
      -3.1310939911701112,
      -3.1410667896278914,
      -3.1467682662250516,
      -3.1551364531662416,
      -3.158649473172882,
      -3.1667266343337177,
      -3.1766080614643473,
      -3.1811510668347887,
      -3.1881478330194137,
      -3.19305597968395,
      -3.19416769863842
    ],
    "gaps": [
      0.6297927592930095,
      0.0744158163636306,
      0.06371354759594716,
      0.07152600144656862,
      0.04358961063681077,
      0.015201456720216555,
      0.04243731498129666,
      0.01935142760583819,
      0.03770797087323263,
      0.0244440944644575,
      0.009024090387744987,
      0.012216781760867601,
      0.016060343045944503,
      0.019231674378619612,
      0.008564953822820964,
      0.029658710475546357,
      0.014027635483914835,
      0.008440412870202252,
      0.01071953147935334,
      0.01312779829627253,
      0.012171001602228948,
      0.00750369832405795,
      0.006408584198226652,
      0.013153415034180771,
      0.011777037923426104,
      0.01086104313624281,
      0.01227109492084777,
      0.007827276569030595,
      0.008736381014664563,
      0.009972798457780208,
      0.005701476597160138,
      0.008368186941190014,
      0.0035130200066402217,
      0.0080771611608359,
      0.009881427130629561,
      0.004543005370441389,
      0.006996766184625081,
      0.004908146664536428,
      0.0011117189544700423
    ],
    "gap_ranking": [
      0,
      1,
      3,
      2,
      4,
      6,
      8,
      15,
      9,
      7,
      13,
      12,
      5,
      16,
      23,
      19,
      26,
      11,
      20,
      24,
      25,
      18,
      29,
      34,
      10,
      28,
      14,
      17,
      31,
      33,
      27,
      21,
      36,
      22,
      30,
      37,
      35,
      32,
      38
    ],
    "sloppy_ratio": 1.3170351721735103,
    "k_eff_90": 32,
    "k_eff_95": 36,
    "k_eff_99": 40,
    "k_signal": 4,
    "elbow_idx": 1,
    "noise_floor": 0.0007310519416393801
  },
  "all": {
    "label": "all",
    "n_points": 2000,
    "dim": 3072,
    "k_sloppy_gap": 1,
    "eigenvalues": [
      0.0066272724902696045,
      0.002954009186815626,
      0.0019747331181545953,
      0.0014056082001560437,
      0.0013012051755009208,
      0.0012136906364184899,
      0.001138427217157604,
      0.0010927708639899235,
      0.000980006786391174,
      0.0008854207213232268,
      0.0008578746996774024,
      0.000846537233731039,
      0.0008238498123577579,
      0.0007932466274820754,
      0.000761771470314656,
      0.0007409162361928216,
      0.0007132359342920165,
      0.0006834266397040028,
      0.000676702187895604,
      0.0006596964569664391,
      0.0006471452777629363,
      0.0006175012037663555,
      0.0006075142272185133,
      0.0005981718657113303,
      0.0005894709780212404,
      0.0005836694966901348,
      0.0005704843689884332,
      0.0005461430429317964,
      0.0005407782566355186,
      0.0005328810837283168,
      0.0005200662156352258,
      0.0005112000143718416,
      0.0005057114895038507,
      0.000495673995480587,
      0.00048652694212093247,
      0.0004806916020048584,
      0.00047163916256665256,
      0.0004656287112519355,
      0.0004582013982642729,
      0.00045185321935458387
    ],
    "log_eigenvalues": [
      -2.178665172371398,
      -2.529588158388616,
      -2.7044915902373337,
      -2.8521357178814775,
      -2.885654217994687,
      -2.915891998613387,
      -2.943694729824631,
      -2.96147089288755,
      -3.008770916876858,
      -3.0528503185317457,
      -3.0665761401379554,
      -3.0723539353125067,
      -3.0841519528771886,
      -3.1005917656429784,
      -3.118175296464954,
      -3.1302308881279837,
      -3.1467667842970273,
      -3.1653080965777036,
      -3.1696024193648364,
      -3.180655848379842,
      -3.188998213537884,
      -3.209362191447121,
      -3.216443546980444,
      -3.223174017338903,
      -3.2295375720710098,
      -3.2338330028784843,
      -3.2437562505535134,
      -3.262693594255317,
      -3.266980778629013,
      -3.2733696961190453,
      -3.2839413577993963,
      -3.2914091426399312,
      -3.296097179309044,
      -3.3048038648663414,
      -3.3128931050555037,
      -3.3181334652123318,
      -3.326390140429278,
      -3.3319602483885697,
      -3.3389435898355533,
      -3.345002619119831
    ],
    "gaps": [
      0.35092298601721783,
      0.1749034318487177,
      0.1476441276441438,
      0.03351850011320945,
      0.030237780618699972,
      0.027802731211244325,
      0.017776163062918737,
      0.047300023989308215,
      0.04407940165488755,
      0.01372582160620972,
      0.005777795174551237,
      0.011798017564681906,
      0.016439812765789874,
      0.01758353082197539,
      0.01205559166302983,
      0.016535896169043607,
      0.018541312280676348,
      0.0042943227871328205,
      0.011053429015005722,
      0.008342365158041876,
      0.02036397790923683,
      0.007081355533323119,
      0.006730470358458973,
      0.006363554732106813,
      0.004295430807474521,
      0.009923247675029057,
      0.018937343701803666,
      0.004287184373696018,
      0.006388917490032231,
      0.010571661680351063,
      0.007467784840534897,
      0.004688036669112883,
      0.008706685557297256,
      0.00808924018916235,
      0.00524036015682805,
      0.008256675216946174,
      0.0055701079592918035,
      0.0069833414469835375,
      0.006059029284277706
    ],
    "gap_ranking": [
      0,
      1,
      2,
      7,
      8,
      3,
      4,
      5,
      20,
      26,
      16,
      6,
      13,
      15,
      12,
      9,
      14,
      11,
      18,
      29,
      25,
      32,
      19,
      35,
      33,
      30,
      21,
      37,
      22,
      28,
      23,
      38,
      10,
      36,
      34,
      31,
      24,
      17,
      27
    ],
    "sloppy_ratio": 1.1663374467484329,
    "k_eff_90": 33,