{
  "session": {
    "label": "session",
    "n": 2000,
    "nev": 40,
    "eigenvalues": [
      0.013287586934876049,
      0.003421409629702432,
      0.0028579536202056324,
      0.002216815255188261,
      0.0019512923418140498,
      0.0018346403228822672,
      0.0016912561490075929,
      0.001561402093294419,
      0.001493690538189276,
      0.0014245199983480995,
      0.0013019412480015978,
      0.0012573628903487974,
      0.0011831642946918534,
      0.0011503247983245478,
      0.0011028237470521163,
      0.0010745503787655455,
      0.0010382519044965387,
      0.0010218497729127698,
      0.001002911844524985,
      0.0009801224526943598,
      0.000947949452448733,
      0.0008968024214632146,
      0.0008754440765257298,
      0.0008688688681530897,
      0.0008320113572219388,
      0.0008162599340531753,
      0.0007985248683389812,
      0.0007862130989850156,
      0.0007651826451902285,
      0.0007599621463923495,
      0.0007469341470013747,
      0.0007426722470369736,
      0.0007343342703931905,
      0.0007061352153311334,
      0.0006981457005505452,
      0.0006851330842455062,
      0.0006774547795838952,
      0.0006684240007999608,
      0.0006506622913061454,
      0.0006473502128124557
    ],
    "k_maxgap": 2,
    "k_nofirst": 3,
    "k_90": 32,
    "k_95": 36,
    "k_knee": 2,
    "k_2x": 2,
    "sloppy": 1.3123068238303242,
    "gi": 0,
    "gi2": 2,
    "time": 1.7036685943603516
  },
  "handoff": {
    "label": "handoff",
    "n": 1000,
    "nev": 40,
    "eigenvalues": [
      0.011322963251248534,
      0.0030801074465287956,
      0.0025974680909110134,
      0.0023964483490114563,
      0.0023386785805340924,
      0.0021771909565295156,
      0.0020950671625032742,
      0.0019397072527416884,
      0.0018826599433590426,
      0.001793846815515484,
      0.0017038977629526915,
      0.0016164121250848754,
      0.0015988886466477073,
      0.0015278803617034195,
      0.0015014572867197164,
      0.0014727020893395774,
      0.001418709970841246,
      0.0013964964910806326,
      0.0013375478706993999,
      0.0013005650903007398,
      0.001264008061041376,
      0.001244202035747101,
      0.0012221433562594137,
      0.0011925428065749839,
      0.0011550181128982867,
      0.00114209951520111,
      0.0010896822524080654,
      0.0010795792414978922,
      0.001051485119230544,
      0.0010400089658388779,
      0.0010339229974687092,
      0.0010024464293284549,
      0.000991993314077765,
      0.0009609332433443183,
      0.0009214232702346133,
      0.0009142025273913882,
      0.0009057903183472523,
      0.0008857875948918094,
      0.0008669222890206714,
      0.0008428450038907736
    ],
    "k_maxgap": 2,
    "k_nofirst": 2,
    "k_90": 33,
    "k_95": 37,
    "k_knee": 2,
    "k_2x": 2,
    "sloppy": 1.128212381008484,
    "gi": 0,
    "gi2": 1,
    "time": 1.5315279960632324
  },
  "papers": {
    "label": "papers",
    "n": 561,
    "nev": 40,
    "eigenvalues": [
      0.007146126095742033,
      0.004102357380139858,
      0.0025190706569386528,
      0.002244294230013071,
      0.00215561257933041,
      0.0020284079261393834,
      0.0018724800320029183,
      0.0017828054869443847,
      0.0017332522742838597,
      0.0016044722350747106,
      0.0015748400561968257,
      0.0015125050384115313,
      0.0014448341276814733,
      0.0014241401063276597,
      0.0013776164662522026,
      0.0012814885187919282,
      0.001270114922949029,
      0.0011941964822122563,
      0.00117606071215642,
      0.0011274109347258166,
      0.0010832808056697734,
      0.001048473120692854,
      0.0010210510978636803,
      0.0010046050204769923,
      0.0009796190059411527,
      0.0009674240410158803,
      0.0009292516941463626,
      0.000909250432121653,
      0.0008776969524866816,
      0.0008506907133260198,
      0.0008365376695026615,
      0.0008008995063116567,
      0.0007894862957580046,
      0.0007699811082613511,
      0.0007493168232397876,
      0.0007341898240232647,
      0.00073148893124895,
      0.0007216534766463479,
      0.000695126107291189,
      0.0006779072861368082
    ],
    "k_maxgap": 2,
    "k_nofirst": 2,
    "k_90": 33,
    "k_95": 36,
    "k_knee": 3,
    "k_2x": 2,
    "sloppy": 1.0229003734780435,
    "gi": 0,
    "gi2": 1,
    "time": 1.1138489246368408
  },
  "all": {
    "label": "all",
    "n": 3000,
    "nev": 40,
    "eigenvalues": [
      0.006491750625899034,
      0.002437852593458175,
      0.0019493742525840167,
      0.0013450577191739229,
      0.0012555796062527747,
      0.0010319298862314903,
      0.001003677088594861,
      0.0009349668948874337,
      0.0008957875256224506,
      0.0008184189808765214,
      0.0008164909869517363,
      0.0007829377082245529,
      0.0007636144775000001,
      0.0007101411546836731,
      0.0006776659107461485,
      0.0006576972367461577,
      0.0006376257453746669,
      0.0006106355756834961,
      0.0006037389732403208,
      0.0005906661465926166,
      0.0005783279409547759,
      0.0005675855285662307,
      0.0005601175901257603,
      0.000544479311059301,
      0.0005377402478866912,
      0.0005342047328770896,
      0.0005104087340615917,
      0.00049811738778679,
      0.0004856592022985448,
      0.0004796025513573514,
      0.00046800976366774284,
      0.00046163390246692967,
      0.00045715405135614046,
      0.0004495427002114737,
      0.00043971427305950823,
      0.00043787625854750623,
      0.0004308749184784115,
      0.00041810304784264447,
      0.0004120242484401991,
      0.00040647864731470444
    ],
    "k_maxgap": 2,
    "k_nofirst": 3,
    "k_90": 32,
    "k_95": 36,
    "k_knee": 2,
    "k_2x": 3,
    "sloppy": 1.2033240918334678,
    "gi": 0,
    "gi2": 2,
    "time": 2.8133528232574463
  }
}