{
  "experiment": "e6_whitened_fim",
  "timestamp": "2026-03-15 13:55:25",
  "n_samples": 200,
  "embedding_model": "gemini-embedding-exp-03-07",
  "embedding_dim": 3072,
  "raw": {
    "k_signal": 1,
    "max_gap": 0.044175345048877546,
    "sloppy_ratio": 0.19505676610479972,
    "eigenvalues": [
      0.006782427758740598,
      0.00612646323482358,
      0.005997204973506946,
      0.0055403605004479516,
      0.005423932273782762,
      0.004949918650953335,
      0.004792453378456286,
      0.004651878464117804,
      0.004474469090954501,
      0.004293959239095331,
      0.004193256355190824,
      0.004080223360710721,
      0.004043019443323356,
      0.003826626516556111,
      0.003715618429403683,
      0.0036291126351042325,
      0.003589813551294432,
      0.0034972609380467,
      0.003443018431445778,
      0.0034081363001469554
    ],
    "trace": 0.30027877858235014,
    "gaps": [
      0.044175345048877546,
      0.009260939151821468,
      0.0344108681408013,
      0.009223766290580748,
      0.039716196437947104,
      0.01404016491046356,
      0.012929536960968768,
      0.016886847363665414,
      0.01788359484959612,
      0.010306503672851353,
      0.011867475847604503,
      0.003978108100315403,
      0.023889753289902504,
      0.01278496831334941,
      0.01023066089681679,
      0.004728554748361535,
      0.011343855510599354,
      0.006788689538026915,
      0.004422392614709558
    ]
  },
  "whitened": {
    "k_signal": 1,
    "max_gap": 0.04417534504887799,
    "sloppy_ratio": 0.19505676610479927,
    "eigenvalues": [
      0.006782427758740592,
      0.006126463234823565,
      0.005997204973506944,
      0.005540360500447964,
      0.005423932273782753,
      0.004949918650953314,
      0.0047924533784562745,
      0.004651878464117786,
      0.004474469090954507,
      0.004293959239095322,
      0.004193256355190825,
      0.004080223360710709,
      0.004043019443323348,
      0.0038266265165561057,
      0.0037156184294036775,
      0.0036291126351042317,
      0.003589813551294422,
      0.003497260938046694,
      0.003443018431445776,
      0.003408136300146948
    ],
    "trace": 0.30027877858235014,
    "gaps": [
      0.04417534504887799,
      0.00926093915182058,
      0.03441086814080041,
      0.009223766290582525,
      0.03971619643794799,
      0.014040164910462671,
      0.012929536960969656,
      0.016886847363663193,
      0.01788359484959745,
      0.01030650367285002,
      0.01186747584760628,
      0.003978108100314959,
      0.02388975328990206,
      0.01278496831334941,
      0.010230660896816346,
      0.0047285547483624235,
      0.011343855510599354,
      0.006788689538026027,
      0.004422392614710446
    ],
    "effective_dim": 199
  },
  "pca_eigenvalues_top20": [
    0.011146059168782705,
    0.0062683032574139385,
    0.005422758835751716,
    0.004998230736666386,
    0.004643413702538405,
    0.004339380741353481,
    0.003523608638770921,
    0.0034930095359503224,
    0.003368444579851254,
    0.0033150434123227785,
    0.003155469675187786,
    0.003000691577846522,
    0.0028331811391312917,
    0.002650214220808285,
    0.0023981300713047135,
    0.0023777238084556227,
    0.0022543276499274794,
    0.0022429635146531944,
    0.002160396253282895,
    0.002130786915040076
  ],
  "conclusion": "1A_supported",
  "timing": {
    "embedding_s": 9.1,
    "raw_fim_s": 20.1,
    "whitening_s": 0.5,
    "whitened_fim_s": 0.0
  }
}