{
  "experiment": "e9_kerG_measurement",
  "method_1_boundary_drift": {
    "n_vectors": 96,
    "k_eff_50": 15,
    "k_eff_90": 58,
    "k_eff_95": 70,
    "k_signal": 3,
    "gini": -0.5346813400458934,
    "eigenvalues_top30": [
      0.006760497752658942,
      0.005472124802241576,
      0.004012475769359332,
      0.002840578871946337,
      0.002492091660593969,
      0.0023783002456390354,
      0.0021717774119830325,
      0.0019717386461128353,
      0.0018410146908188602,
      0.0016205240726812743,
      0.0016051288884563937,
      0.0015422518841326524,
      0.0014390764235919372,
      0.0014208807590035887,
      0.0013575158345831278,
      0.0012931928644300489,
      0.0012366118032051036,
      0.0012202295834349106,
      0.001160376308723047,
      0.001109680088330408,
      0.0010894716002811575,
      0.0010422971582404487,
      0.0009946554302268573,
      0.0009873405392574926,
      0.0009743023591715579,
      0.0009459379319245932,
      0.0008878550987977107,
      0.0008508147402803404,
      0.0008397789546847627,
      0.0007830674378860512
    ]
  },
  "method_2_within_chunk_residual": {
    "n_vectors": 867,
    "k_eff_50": 38,
    "k_eff_90": 218,
    "k_eff_95": 305,
    "k_signal": 1,
    "gini": -0.7953941818694557,
    "eigenvalues_top30": [
      0.0040193599832599475,
      0.002728843624459376,
      0.0020735755158607437,
      0.0018965428225398262,
      0.0018213070778731548,
      0.0015916484026450076,
      0.0014573176313213516,
      0.0013875045808713366,
      0.0013182654962510965,
      0.001240397816111363,
      0.001187244149086794,
      0.0010667954805219254,
      0.0010410295126447552,
      0.0009759172847304986,
      0.0009288952429945639,
      0.0009057280396458762,
      0.0008783716843498583,
      0.0008660708026118592,
      0.0008006132584481873,
      0.0007864781966647164,
      0.000750254329652295,
      0.0007321804377502837,
      0.0006941867954008904,
      0.0006786547984161641,
      0.0006551139936014895,
      0.0006439222809411442,
      0.0006154138047896772,
      0.0006035087327349205,
      0.0005836816577163028,
      0.0005711852824788508
    ]
  },
  "method_3_fisher_ratio": {
    "k_within_90": 218,
    "k_between_90": 28,
    "fisher_ratios": [
      0.776002526109385,
      0.3455469848666994,
      0.9212892022881133,
      0.2783738096194827,
      0.44683772596335813,
      0.45312648796785454,
      0.3478968175865515,
      0.11096252012493601,
      0.31753617883462304,
      0.25890066170725573,
      0.28803817708548146,
      0.17614096234948412,
      0.2744840355536895,
      0.22319370530392935,
      0.3627469819998469,
      0.14631887368337324,
      0.13080117651023976,
      0.17075963041287595,
      0.24341416270968855,
      0.25804828208436226,
      0.20521040209399916,
      0.13405469879144835,
      0.18057904574528677,
      0.15133221501995808,
      0.22458068198820355,
      0.212233747944635,
      0.2531060512639376,
      0.18802816504516803,
      0.20588197184376789,
      0.2113671266447197,
      0.1923317603272925,
      0.2009060798602841,
      0.30264128168518084,
      0.2006560961833564,
      0.1778758099632437,
      0.18144853585553486,
      0.1419555724710003,
      0.12297122086960159,
      0.18084204513609284,
      0.18717130558814116,
      0.16526921934012503,
      0.20308981481822336,
      0.15450413249369757,
      0.20990602086310164,
      0.17610415843290256,
      0.09638596890606675,
      0.13778182166565386,
      0.24926876689810415,
      0.20510613893331728,
      0.1143820877477833
    ],
    "top5_image_G": [
      2,
      0,
      5,
      4,
      14
    ],
    "top5_ker_G": [
      45,
      7,
      49,
      37,
      16
    ]
  }
}