{
  "experiment": "e9b_kerG_direction_identification",
  "n_steps": 871,
  "n_chunks": 7,
  "image_G_correlations": [
    {
      "direction": 0.2481842076625093,
      "fisher_ratio": 0.2481842076625093,
      "correlations": {
        "Scale (relative_position)": {
          "r": -0.21039301872734315,
          "p": 3.5950099505000507e-10
        },
        "Temporality (session_order)": {
          "r": -0.2598482708537206,
          "p": 6.593242394398904e-15
        },
        "Valence (sentiment_score)": {
          "r": 0.13859294704079744,
          "p": 4.057141883910173e-05
        },
        "Function (is_handoff)": {
          "r": 0.0,
          "p": 1.0
        },
        "text_length": {
          "r": 0.04559745629865032,
          "p": 0.17879604790595846
        },
        "step_idx (absolute)": {
          "r": -0.13248957747841753,
          "p": 8.788552228784065e-05
        }
      }
    },
    {
      "direction": 0.09669107369544658,
      "fisher_ratio": 0.09669107369544658,
      "correlations": {
        "Scale (relative_position)": {
          "r": -0.11357145511929433,
          "p": 0.000785490290199849
        },
        "Temporality (session_order)": {
          "r": 0.052440194979166056,
          "p": 0.12198534946683358
        },
        "Valence (sentiment_score)": {
          "r": 0.21775907196750524,
          "p": 8.273923161784471e-11
        },
        "Function (is_handoff)": {
          "r": 0.0,
          "p": 1.0
        },
        "text_length": {
          "r": -0.07994489415132733,
          "p": 0.018285775840390095
        },
        "step_idx (absolute)": {
          "r": -0.23126293123499758,
          "p": 4.871600234533383e-12
        }
      }
    },
    {
      "direction": 0.061780889384196,
      "fisher_ratio": 0.061780889384196,
      "correlations": {
        "Scale (relative_position)": {
          "r": 0.22900308714260123,
          "p": 7.925339019336592e-12
        },
        "Temporality (session_order)": {
          "r": -0.061000746924114946,
          "p": 0.07195735314925414
        },
        "Valence (sentiment_score)": {
          "r": 0.13532931425693595,
          "p": 6.158751790386487e-05
        },
        "Function (is_handoff)": {
          "r": 0.0,
          "p": 1.0
        },
        "text_length": {
          "r": 0.27155921088678775,
          "p": 3.443027026570191e-16
        },
        "step_idx (absolute)": {
          "r": 0.09397419989280135,
          "p": 0.005510084559374718
        }
      }
    },
    {
      "direction": 0.05868520553525147,
      "fisher_ratio": 0.05868520553525147,
      "correlations": {
        "Scale (relative_position)": {
          "r": 0.054750805223755764,
          "p": 0.10636801119895829
        },
        "Temporality (session_order)": {
          "r": 0.01450262667888671,
          "p": 0.6690737185414272
        },
        "Valence (sentiment_score)": {
          "r": 0.017574647641135244,
          "p": 0.604478776763042
        },
        "Function (is_handoff)": {
          "r": 0.0,
          "p": 1.0
        },
        "text_length": {
          "r": 0.010426811592676784,
          "p": 0.7586227264384868
        },
        "step_idx (absolute)": {
          "r": -0.0027141697761947775,
          "p": 0.9362471047721971
        }
      }
    },
    {
      "direction": 0.04625244982387806,
      "fisher_ratio": 0.04625244982387806,
      "correlations": {
        "Scale (relative_position)": {
          "r": -0.19008934204858724,
          "p": 1.5710263630573573e-08
        },
        "Temporality (session_order)": {
          "r": -0.1022044776322147,
          "p": 0.002528493423738538
        },
        "Valence (sentiment_score)": {
          "r": -0.07984478282987933,
          "p": 0.018432403569526128
        },
        "Function (is_handoff)": {
          "r": 0.0,
          "p": 1.0
        },
        "text_length": {
          "r": -0.005705685419687512,
          "p": 0.8664654473587665
        },
        "step_idx (absolute)": {
          "r": -0.12382590839612663,
          "p": 0.00024898972969768153
        }
      }
    }
  ],
  "ker_G_correlations": [
    {
      "direction": 0.002185397122079675,
      "fisher_ratio": 0.002185397122079675,
      "correlations": {
        "Scale (relative_position)": {
          "r": 0.01133640161423777,
          "p": 0.738305464041175
        },
        "Temporality (session_order)": {
          "r": -0.04327093851063509,
          "p": 0.20202401192213024
        },
        "Valence (sentiment_score)": {
          "r": -0.07772685392904967,
          "p": 0.021784344040903174
        },
        "Function (is_handoff)": {
          "r": 0.0,
          "p": 1.0
        },
        "text_length": {
          "r": 0.08076996251853277,
          "p": 0.0171156698079089
        },
        "step_idx (absolute)": {
          "r": 0.025263212477299617,
          "p": 0.4564930288882035
        }
      }
    },
    {
      "direction": 0.0033487885510065534,
      "fisher_ratio": 0.0033487885510065534,
      "correlations": {
        "Scale (relative_position)": {
          "r": 0.07153793495974783,
          "p": 0.03477648995413966
        },
        "Temporality (session_order)": {
          "r": -0.0001268263720828929,
          "p": 0.9970178219526918
        },
        "Valence (sentiment_score)": {
          "r": 0.06652968121573923,
          "p": 0.04966634779986689
        },
        "Function (is_handoff)": {
          "r": 0.0,
          "p": 1.0
        },
        "text_length": {
          "r": -0.14679239437292732,
          "p": 1.3638461669667638e-05
        },
        "step_idx (absolute)": {
          "r": 0.017998359384640488,
          "p": 0.5957926921496522
        }
      }
    },
    {
      "direction": 0.003988215613680896,
      "fisher_ratio": 0.003988215613680896,
      "correlations": {
        "Scale (relative_position)": {
          "r": 0.05793564048931486,
          "p": 0.08748472056486531
        },
        "Temporality (session_order)": {
          "r": 0.007262041923236061,
          "p": 0.8305333568903329
        },
        "Valence (sentiment_score)": {
          "r": 0.014279026000370124,
          "p": 0.6738799446071823
        },
        "Function (is_handoff)": {
          "r": 0.0,
          "p": 1.0
        },
        "text_length": {
          "r": 0.04327910871538741,
          "p": 0.20193876960981577
        },
        "step_idx (absolute)": {
          "r": 0.0948249313727589,
          "p": 0.005097057302422285
        }
      }
    },
    {
      "direction": 0.004798294611576566,
      "fisher_ratio": 0.004798294611576566,
      "correlations": {
        "Scale (relative_position)": {
          "r": 0.05257261878375831,
          "p": 0.12104446125064011
        },
        "Temporality (session_order)": {
          "r": 0.013271764690412106,
          "p": 0.6956934116490854
        },
        "Valence (sentiment_score)": {
          "r": -0.027059246186066945,
          "p": 0.42510795406523183
        },
        "Function (is_handoff)": {
          "r": 0.0,
          "p": 1.0
        },
        "text_length": {
          "r": 0.021222602483765708,
          "p": 0.5316380457094396
        },
        "step_idx (absolute)": {
          "r": 0.13178056193155652,
          "p": 9.593906681442509e-05
        }
      }
    },
    {
      "direction": 0.006315487778890249,
      "fisher_ratio": 0.006315487778890249,
      "correlations": {
        "Scale (relative_position)": {
          "r": -0.017350415772063307,
          "p": 0.6090983618709859
        },
        "Temporality (session_order)": {
          "r": -0.16336936139250832,