{
  "0.7": {
    "image_G": [
      {
        "pc": 3,
        "fisher": 0.9190673224962246,
        "correlations": {
          "Scale(pos)": {
            "r": -0.21039301872734315,
            "p": 3.5950099505000507e-10,
            "sig_bonf": 