{
  "n_records": 1529,
  "bias_distribution": {
    "P0": 0.003901141160290167,
    "P5": 0.004445904577830895,
    "P10": 0.004669402886207985,
    "P25": 0.005766939152969108,
    "P50": 0.008685132138723684,
    "P75": 0.019636520851627592,
    "P90": 0.033004581201155125,
    "P95": 0.04194650459428173,
    "P100": 0.04573059700066884
  },
  "near_equality": {
    "0.001": {
      "count": 0,
      "rate_pct": 0.0
    },
    "0.002": {
      "count": 0,
      "rate_pct": 0.0
    },
    "0.005": {
      "count": 198,
      "rate_pct": 12.949640287769784
    },
    "0.01": {
      "count": 816,
      "rate_pct": 53.36821451929366
    },
    "0.02": {
      "count": 1185,
      "rate_pct": 77.50163505559189
    }
  },
  "correlation": {
    "bias_vs_1-ICS": 0.7967153375476834,
    "bias_vs_1-align": -0.48157805432689255
  }
}