{
  "summary": {
    "n": 1529,
    "mean_error": 0.014514733933271984,
    "median_error": 0.008685132138723684,
    "max_error": 0.04573059700066884,
    "correlation": 0.9608744215619425,
    "r_squared": 0.6555102829341777
  },
  "per_session": {
    "164ceafc": {
      "n": 117,
      "mean_error": 0.011311780084388484,
      "max_error": 0.01597812400360099
    },
    "5fb1904f": {
      "n": 505,
      "mean_error": 0.020019835035954475,
      "max_error": 0.04573059700066884
    },
    "66a1b609": {
      "n": 171,
      "mean_error": 0.01148664539997699,
      "max_error": 0.016746063362620855
    },
    "6ca69446": {
      "n": 13,
      "mean_error": 0.018821862049482305,
      "max_error": 0.022943518162046983
    },
    "9623d8f2": {
      "n": 33,
      "mean_error": 0.00804385356745008,
      "max_error": 0.008935963111313061
    },
    "ba383f21": {
      "n": 42,
      "mean_error": 0.036178604267572224,
      "max_error": 0.04173577762386638
    },
    "cabe6d36": {
      "n": 14,
      "mean_error": 0.009312359907210164,
      "max_error": 0.010893424539202834
    },
    "df9fdd10": {
      "n": 106,
      "mean_error": 0.007106376761199262,
      "max_error": 0.009104235853627074
    },
    "e0e11afe": {
      "n": 191,
      "mean_error": 0.011208213105918383,
      "max_error": 0.021866696039301803
    },
    "fb8c24b9": {
      "n": 337,
      "mean_error": 0.011101680787301796,
      "max_error": 0.023056625390355356
    }
  },
  "config": {
    "tau": 0.7,
    "proxy": "adjacent_chunk_merge"
  }
}