{
  "tau": 0.7,
  "n_records": 1529,
  "bias_distribution": {
    "P0": 0.0039013028144836426,
    "P5": 0.004445672035217285,
    "P10": 0.004669070243835449,
    "P25": 0.005767166614532471,
    "P50": 0.008684694766998291,
    "P75": 0.019636988639831543,
    "P90": 0.03300446271896362,
    "P95": 0.041946589946746826,
    "P100": 0.045730650424957275
  },
  "near_equality": {
    "0.001": {
      "count": 0,
      "rate_pct": 0.0
    },
    "0.002": {
      "count": 0,
      "rate_pct": 0.0
    },
    "0.005": {
      "count": 198,
      "rate_pct": 12.949640287769784
    },
    "0.01": {
      "count": 816,
      "rate_pct": 53.36821451929366
    },
    "0.02": {
      "count": 1185,
      "rate_pct": 77.50163505559189
    }
  },
  "correlation": {
    "bias_vs_1-ICS": 0.7967194958718026,
    "bias_vs_1-align": -0.4815788367132302
  }
}