{
  "tau": 0.8,
  "n_records": 18973,
  "bias_distribution": {
    "P0": 0.00688016414642334,
    "P5": 0.013688206672668457,
    "P10": 0.015564799308776855,
    "P25": 0.020047247409820557,
    "P50": 0.026526451110839844,
    "P75": 0.032379150390625,
    "P90": 0.03879439830780029,
    "P95": 0.04231923818588257,
    "P100": 0.056997060775756836
  },
  "near_equality": {
    "0.001": {
      "count": 0,
      "rate_pct": 0.0
    },
    "0.002": {
      "count": 0,
      "rate_pct": 0.0
    },
    "0.005": {
      "count": 0,
      "rate_pct": 0.0
    },
    "0.01": {
      "count": 418,
      "rate_pct": 2.2031307647709903
    },
    "0.02": {
      "count": 4712,
      "rate_pct": 24.835292257418438
    }
  },
  "correlation": {
    "bias_vs_1-ICS": 0.9523881145318935,
    "bias_vs_1-align": 0.5144193722778744
  }
}