{
  "tau": 0.75,
  "n_records": 9402,
  "bias_distribution": {
    "P0": 0.0031328201293945312,
    "P5": 0.008102893829345703,
    "P10": 0.010633111000061035,
    "P25": 0.014872550964355469,
    "P50": 0.021724820137023926,
    "P75": 0.02947312593460083,
    "P90": 0.03519028425216675,
    "P95": 0.03995990753173828,
    "P100": 0.0526500940322876
  },
  "near_equality": {
    "0.001": {
      "count": 0,
      "rate_pct": 0.0
    },
    "0.002": {
      "count": 0,
      "rate_pct": 0.0
    },
    "0.005": {
      "count": 138,
      "rate_pct": 1.467772814294831
    },
    "0.01": {
      "count": 792,
      "rate_pct": 8.423739629865985
    },
    "0.02": {
      "count": 4364,
      "rate_pct": 46.41565624335248
    }
  },
  "correlation": {
    "bias_vs_1-ICS": 0.9038571840045981,
    "bias_vs_1-align": 0.33898016728116953
  }
}