{"method": "oa_sam", "seed": 44, "cfg": {"lr": 0.1, "momentum": 0.9, "weight_decay": 0.0005, "epochs": 200, "batch_size": 128, "use_sam": true, "rho": 0.05, "lam_base": 0.01, "lam_sign": -1}, "train_loss": [2.02514, 1.50471, 1.25623, 1.04091, 0.87035, 0.73807, 0.6423, 0.5763, 0.53308, 0.50468, 0.47089, 0.45063, 0.43982, 0.41982, 0.4057, 0.38871, 0.38357, 0.36789, 0.36002, 0.35316, 0.34922, 0.34236, 0.3393, 0.32786, 0.32513, 0.31881, 0.31578, 0.30675, 0.30905, 0.30569, 0.30267, 0.30069, 0.29468, 0.2883, 0.28895, 0.28363, 0.28413, 0.27729, 0.27591, 0.27336, 0.27527, 0.2686, 0.26602, 0.2643, 0.25751, 0.25677, 0.25171, 0.25677, 0.24554, 0.24816, 0.24666, 0.23755, 0.23941, 0.24052, 0.23685, 0.23676, 0.23129, 0.22978, 0.22757, 0.22353, 0.22533, 0.22041, 0.21887, 0.21777, 0.2111, 0.21506, 0.21348, 0.21044, 0.20513, 0.20695, 0.20008, 0.19964, 0.19556, 0.19417, 0.19855, 0.19339, 0.18555, 0.1845, 0.18316, 0.18455, 0.1782, 0.17334, 0.17381, 0.17073, 0.16933, 0.16885, 0.16292, 0.16314, 0.16161, 0.15355, 0.15656, 0.15238, 0.14976, 0.14973, 0.14558, 0.14036, 0.13788, 0.13368, 0.1333, 0.1295, 0.12653, 0.12652, 0.11938, 0.12087, 0.11679, 0.11255, 0.11135, 0.11292, 0.10627, 0.10386, 0.10055, 0.10005, 0.09222, 0.09228, 0.09008, 0.08654, 0.08838, 0.08311, 0.07545, 0.07433, 0.0705, 0.06872, 0.06875, 0.06473, 0.05869, 0.05781, 0.05434, 0.05383, 0.05162, 0.0453, 0.04613, 0.04217, 0.03689, 0.03694, 0.03549, 0.03331, 0.03035, 0.02883, 0.02409, 0.02246, 0.02191, 0.01853, 0.01585, 0.0152, 0.01111, 0.01122, 0.00718, 0.00702, 0.00486, 0.00353, 0.003, 0.00079, -0.00057, -0.00243, -0.00314, -0.00457, -0.00641, -0.00677, -0.00831, -0.00883, -0.00995, -0.01045, -0.012, -0.01255, -0.01312, -0.01384, -0.01442, -0.01533, -0.01561, -0.01599, -0.01677, -0.01727, -0.0176, -0.01826, -0.01848, -0.01884, -0.01917, -0.01962, -0.0198, -0.02008, -0.02017, -0.02044, -0.02064, -0.02064, -0.02094, -0.0211, -0.02117, -0.02139, -0.02139, -0.02146, -0.02157, -0.02157, -0.02162, -0.02164, -0.02169, -0.02175, -0.02175, -0.02173, -0.0218, -0.02171], "test_acc": [36.6, 50.72, 57.64, 64.87, 71.67, 72.26, 76.01, 78.17, 77.24, 82.38, 82.75, 80.44, 82.04, 82.53, 84.33, 86.42, 82.09, 82.08, 86.17, 85.71, 83.54, 86.29, 86.37, 87.85, 85.15, 84.14, 86.39, 87.16, 86.78, 85.27, 86.56, 86.92, 87.5, 87.02, 85.55, 86.71, 87.52, 86.46, 86.65, 84.53, 87.9, 87.53, 86.55, 88.85, 87.26, 89.24, 87.33, 87.28, 87.8, 87.12, 86.83, 87.8, 83.36, 88.81, 88.93, 88.49, 87.55, 88.15, 88.05, 89.13, 89.52, 87.82, 89.61, 89.18, 89.3, 87.85, 89.44, 89.37, 89.28, 89.57, 89.52, 90.42, 90.71, 88.18, 89.5, 90.75, 89.07, 90.04, 90.59, 91.21, 91.28, 89.78, 90.09, 91.06, 90.18, 90.66, 91.26, 89.82, 89.27, 91.27, 91.7, 91.16, 91.05, 89.82, 91.52, 91.7, 90.83, 91.18, 90.8, 92.55, 91.84, 91.21, 91.82, 90.96, 92.55, 91.7, 91.68, 91.41, 92.29, 90.07, 92.29, 91.9, 91.87, 92.3, 92.31, 92.09, 92.19, 92.28, 93.03, 93.05, 92.14, 92.52, 93.04, 92.59, 93.25, 92.07, 91.91, 93.38, 93.52, 93.12, 93.89, 93.74, 93.7, 93.07, 93.42, 93.46, 93.25, 94.02, 93.55, 93.77, 94.06, 94.21, 94.06, 94.14, 94.56, 94.23, 94.2, 94.39, 94.5, 94.43, 94.6, 94.76, 94.61, 94.78, 95.06, 95.03, 95.28, 95.11, 95.14, 95.03, 95.18, 95.0, 95.24, 95.35, 95.45, 95.32, 95.66, 95.54, 95.1, 95.59, 95.52, 95.44, 95.69, 95.64, 95.6, 95.73, 95.68, 95.7, 95.68, 95.82, 95.9, 95.81, 95.92, 95.87, 95.93, 95.86, 95.87, 95.8, 95.77, 95.85, 95.98, 95.95, 95.83, 95.92, 95.85, 95.86, 95.78, 95.96, 95.87, 95.81], "profiles": [{"epoch": 1, "cka": [0.2714, 0.147, 0.0816, 0.3548], "grad_phi": [0.7286, 0.1243, 0.0654, -0.2732], "phi": [0.7286, 0.853, 0.9184, 0.6452]}, {"epoch": 20, "cka": [0.0747, 0.496, 0.4221, 0.2929], "grad_phi": [0.9253, -0.4213, 0.074, 0.1291], "phi": [0.9253, 0.504, 0.5779, 0.7071]}, {"epoch": 40, "cka": [0.3277, 0.6909, 0.2839, 0.2231], "grad_phi": [0.6723, -0.3632, 0.4069, 0.0609], "phi": [0.6723, 0.3091, 0.7161, 0.7769]}, {"epoch": 60, "cka": [0.0514, 0.7018, 0.3062, 0.2381], "grad_phi": [0.9486, -0.6504, 0.3956, 0.0681], "phi": [0.9486, 0.2982, 0.6938, 0.7619]}, {"epoch": 80, "cka": [0.2229, 0.7551, 0.2737, 0.2482], "grad_phi": [0.7771, -0.5322, 0.4814, 0.0255], "phi": [0.7771, 0.2449, 0.7263, 0.7518]}, {"epoch": 100, "cka": [0.1686, 0.8164, 0.2257, 0.2481], "grad_phi": [0.8314, -0.6478, 0.5907, -0.0224], "phi": [0.8314, 0.1836, 0.7743, 0.7519]}, {"epoch": 120, "cka": [0.1173, 0.8348, 0.1707, 0.2678], "grad_phi": [0.8827, -0.7175, 0.6641, -0.0971], "phi": [0.8827, 0.1652, 0.8293, 0.7322]}, {"epoch": 140, "cka": [0.1074, 0.8675, 0.1009, 0.2423], "grad_phi": [0.8926, -0.7601, 0.7666, -0.1414], "phi": [0.8926, 0.1325, 0.8991, 0.7577]}, {"epoch": 160, "cka": [0.0706, 0.9033, 0.0704, 0.2313], "grad_phi": [0.9294, -0.8327, 0.8329, -0.1609], "phi": [0.9294, 0.0967, 0.9296, 0.7687]}, {"epoch": 180, "cka": [0.0517, 0.9256, 0.0485, 0.2395], "grad_phi": [0.9483, -0.8739, 0.8771, -0.1909], "phi": [0.9483, 0.0744, 0.9515, 0.7605]}, {"epoch": 200, "cka": [0.0528, 0.9321, 0.0455, 0.2342], "grad_phi": [0.9472, -0.8794, 0.8867, -0.1887], "phi": [0.9472, 0.0679, 0.9545, 0.7658]}]}