{"method": "oa_sam", "seed": 42, "cfg": {"lr": 0.1, "momentum": 0.9, "weight_decay": 0.0005, "epochs": 200, "batch_size": 128, "use_sam": true, "rho": 0.05, "lam_base": 0.01, "lam_sign": -1}, "train_loss": [2.16114, 1.58102, 1.28618, 1.00704, 0.80343, 0.66275, 0.59355, 0.54587, 0.50065, 0.48412, 0.46024, 0.43984, 0.42768, 0.40766, 0.39877, 0.3797, 0.375, 0.3619, 0.35674, 0.35335, 0.34736, 0.33872, 0.3269, 0.32847, 0.31871, 0.31535, 0.3119, 0.30441, 0.30011, 0.30112, 0.30035, 0.29192, 0.29135, 0.28197, 0.28241, 0.27993, 0.28181, 0.27841, 0.27552, 0.27176, 0.27091, 0.26183, 0.26276, 0.26132, 0.26052, 0.25714, 0.25075, 0.25458, 0.2477, 0.24555, 0.24061, 0.24623, 0.2398, 0.23153, 0.23755, 0.23299, 0.23117, 0.22885, 0.22472, 0.23045, 0.21594, 0.22154, 0.21456, 0.21277, 0.21467, 0.21052, 0.21263, 0.20735, 0.20222, 0.20042, 0.19905, 0.19568, 0.19149, 0.19008, 0.18779, 0.1894, 0.18311, 0.18414, 0.18317, 0.17678, 0.17078, 0.17854, 0.17021, 0.16606, 0.16743, 0.16196, 0.15993, 0.15711, 0.15398, 0.15271, 0.15186, 0.14572, 0.14751, 0.14625, 0.14495, 0.13432, 0.13235, 0.13292, 0.12735, 0.12699, 0.12461, 0.11941, 0.12108, 0.11512, 0.11351, 0.11127, 0.10729, 0.10733, 0.10238, 0.10188, 0.09631, 0.09227, 0.08945, 0.0855, 0.08161, 0.0863, 0.08165, 0.07814, 0.07392, 0.07138, 0.07153, 0.0669, 0.06432, 0.0614, 0.05958, 0.05803, 0.05332, 0.05136, 0.04977, 0.04417, 0.04387, 0.0379, 0.04126, 0.03655, 0.03157, 0.03208, 0.02783, 0.02534, 0.02319, 0.02222, 0.02006, 0.01765, 0.01645, 0.01346, 0.00939, 0.01134, 0.00839, 0.00601, 0.00452, 0.00207, 0.00211, 0.00083, -0.00061, -0.00191, -0.00334, -0.00614, -0.00681, -0.00825, -0.00802, -0.00945, -0.0105, -0.01148, -0.01178, -0.01253, -0.01419, -0.01454, -0.01526, -0.01548, -0.01575, -0.01702, -0.01726, -0.01727, -0.01747, -0.0184, -0.01878, -0.01913, -0.01968, -0.01993, -0.02011, -0.02031, -0.0204, -0.0206, -0.02091, -0.02118, -0.02118, -0.02136, -0.02149, -0.02156, -0.0217, -0.02179, -0.02181, -0.02191, -0.02186, -0.02196, -0.02197, -0.02195, -0.02198, -0.022, -0.02203, -0.02198], "test_acc": [37.47, 48.39, 60.16, 64.81, 73.05, 76.74, 79.33, 79.1, 78.19, 78.45, 80.01, 83.94, 81.32, 82.96, 84.4, 85.04, 84.05, 85.82, 84.33, 84.39, 82.84, 84.7, 84.65, 85.25, 85.64, 86.33, 84.67, 85.99, 85.6, 85.3, 85.23, 85.54, 86.89, 86.42, 87.0, 87.84, 87.39, 83.94, 86.29, 85.26, 88.76, 87.76, 87.08, 88.95, 88.22, 87.44, 86.85, 86.38, 88.11, 88.35, 85.54, 89.03, 87.36, 86.32, 89.15, 87.58, 88.81, 87.84, 88.91, 89.94, 87.03, 90.68, 88.47, 89.6, 89.62, 88.9, 89.59, 87.87, 88.83, 89.77, 90.07, 88.9, 89.7, 89.61, 90.03, 89.26, 89.63, 89.14, 89.62, 89.83, 89.63, 90.39, 90.53, 90.19, 90.17, 91.03, 90.51, 91.01, 90.55, 89.58, 87.82, 90.56, 91.58, 91.01, 90.58, 91.45, 91.4, 91.34, 90.95, 90.29, 92.15, 90.9, 91.85, 89.55, 90.6, 91.22, 92.14, 92.24, 92.85, 91.62, 92.49, 91.98, 92.49, 92.04, 92.07, 91.6, 92.22, 92.4, 92.21, 92.95, 92.99, 93.38, 92.94, 92.52, 93.28, 92.28, 93.52, 93.48, 93.05, 93.44, 93.51, 92.41, 93.55, 93.38, 93.73, 93.59, 93.37, 93.66, 93.61, 94.19, 94.16, 93.85, 94.38, 94.18, 94.04, 94.13, 94.34, 93.87, 94.4, 94.46, 94.7, 94.76, 94.61, 94.8, 94.45, 94.87, 94.99, 94.89, 94.8, 94.93, 95.25, 95.12, 95.29, 95.24, 95.27, 95.14, 95.56, 95.42, 95.22, 95.56, 95.64, 95.43, 95.57, 95.62, 95.57, 95.75, 95.7, 95.69, 95.82, 95.75, 95.63, 95.74, 95.85, 95.69, 95.86, 95.73, 95.83, 95.77, 95.84, 95.7, 95.78, 95.84, 95.87, 95.81, 95.86, 95.84, 95.83, 95.78, 95.94, 95.89], "profiles": [{"epoch": 1, "cka": [0.5009, 0.4106, 0.3482, 0.3493], "grad_phi": [0.4991, 0.0903, 0.0624, -0.0011], "phi": [0.4991, 0.5894, 0.6518, 0.6507]}, {"epoch": 20, "cka": [0.088, 0.6091, 0.3586, 0.2654], "grad_phi": [0.912, -0.5211, 0.2505, 0.0932], "phi": [0.912, 0.3909, 0.6414, 0.7346]}, {"epoch": 40, "cka": [0.1299, 0.6905, 0.3313, 0.3124], "grad_phi": [0.8701, -0.5606, 0.3593, 0.0188], "phi": [0.8701, 0.3095, 0.6687, 0.6876]}, {"epoch": 60, "cka": [0.096, 0.6734, 0.2744, 0.254], "grad_phi": [0.904, -0.5775, 0.3991, 0.0203], "phi": [0.904, 0.3266, 0.7256, 0.746]}, {"epoch": 80, "cka": [0.0799, 0.7323, 0.2194, 0.2505], "grad_phi": [0.9201, -0.6524, 0.5129, -0.0312], "phi": [0.9201, 0.2677, 0.7806, 0.7495]}, {"epoch": 100, "cka": [0.0501, 0.7786, 0.1387, 0.2657], "grad_phi": [0.9499, -0.7285, 0.6398, -0.127], "phi": [0.9499, 0.2214, 0.8613, 0.7343]}, {"epoch": 120, "cka": [0.0401, 0.7976, 0.0757, 0.2572], "grad_phi": [0.9599, -0.7575, 0.7219, -0.1815], "phi": [0.9599, 0.2024, 0.9243, 0.7428]}, {"epoch": 140, "cka": [0.052, 0.8763, 0.0693, 0.2621], "grad_phi": [0.948, -0.8244, 0.8071, -0.1928], "phi": [0.948, 0.1237, 0.9307, 0.7379]}, {"epoch": 160, "cka": [0.0381, 0.9022, 0.0476, 0.2578], "grad_phi": [0.9619, -0.8641, 0.8547, -0.2103], "phi": [0.9619, 0.0978, 0.9524, 0.7422]}, {"epoch": 180, "cka": [0.0524, 0.9234, 0.0353, 0.2493], "grad_phi": [0.9476, -0.8709, 0.888, -0.214], "phi": [0.9476, 0.0766, 0.9647, 0.7507]}, {"epoch": 200, "cka": [0.0697, 0.9282, 0.0355, 0.2427], "grad_phi": [0.9303, -0.8585, 0.8927, -0.2072], "phi": [0.9303, 0.0718, 0.9645, 0.7573]}]}