{"method": "oa_sam", "seed": 45, "cfg": {"lr": 0.1, "momentum": 0.9, "weight_decay": 0.0005, "epochs": 200, "batch_size": 128, "use_sam": true, "rho": 0.05, "lam_base": 0.01, "lam_sign": -1}, "train_loss": [2.12139, 1.58057, 1.2997, 1.02633, 0.83883, 0.69494, 0.6147, 0.55373, 0.52048, 0.49136, 0.46577, 0.44381, 0.42926, 0.41266, 0.39905, 0.38412, 0.37599, 0.36665, 0.36606, 0.35328, 0.34786, 0.34076, 0.33237, 0.32846, 0.32108, 0.3156, 0.3112, 0.3031, 0.30525, 0.29961, 0.29879, 0.29328, 0.29248, 0.28454, 0.28744, 0.27929, 0.27847, 0.27516, 0.27355, 0.2694, 0.2623, 0.26269, 0.26092, 0.26193, 0.26139, 0.25295, 0.25541, 0.25278, 0.24985, 0.24204, 0.24649, 0.24064, 0.23906, 0.23501, 0.23638, 0.22517, 0.22937, 0.23277, 0.2323, 0.22665, 0.22269, 0.21634, 0.21931, 0.21912, 0.21618, 0.21059, 0.20731, 0.20916, 0.20052, 0.20458, 0.20176, 0.20041, 0.19739, 0.19227, 0.19164, 0.19433, 0.18271, 0.1847, 0.18361, 0.1818, 0.17471, 0.17912, 0.17486, 0.17234, 0.16646, 0.16041, 0.16338, 0.1594, 0.15509, 0.15556, 0.15003, 0.14666, 0.14507, 0.14443, 0.14015, 0.13771, 0.13681, 0.13447, 0.1304, 0.12496, 0.12177, 0.12241, 0.12177, 0.11744, 0.11006, 0.10734, 0.10757, 0.10591, 0.10317, 0.10412, 0.09903, 0.09482, 0.09281, 0.08948, 0.08695, 0.08749, 0.0807, 0.07765, 0.07453, 0.07459, 0.06812, 0.06764, 0.06179, 0.06126, 0.05717, 0.05647, 0.05138, 0.0529, 0.04973, 0.04463, 0.04408, 0.04194, 0.03828, 0.03479, 0.03506, 0.02864, 0.0267, 0.02559, 0.02583, 0.02166, 0.01828, 0.01831, 0.01482, 0.01483, 0.01213, 0.01242, 0.00728, 0.0055, 0.00424, 0.00296, 0.00128, 3e-05, -0.00251, -0.00387, -0.00461, -0.006, -0.00591, -0.00719, -0.00832, -0.01005, -0.01048, -0.01183, -0.01281, -0.01332, -0.01369, -0.01483, -0.01427, -0.01544, -0.01616, -0.01681, -0.01715, -0.01796, -0.01826, -0.01856, -0.01897, -0.01916, -0.0195, -0.01971, -0.01993, -0.02019, -0.02048, -0.02079, -0.02084, -0.02105, -0.02116, -0.02128, -0.02143, -0.02151, -0.02151, -0.02166, -0.02167, -0.02174, -0.02171, -0.02185, -0.02184, -0.02185, -0.0219, -0.02189, -0.02195, -0.02189], "test_acc": [35.07, 48.27, 50.3, 67.13, 74.39, 75.51, 76.9, 76.78, 80.54, 80.71, 81.34, 80.16, 78.95, 84.17, 82.49, 84.0, 83.52, 84.11, 79.8, 84.91, 86.77, 84.73, 83.57, 85.42, 87.17, 86.66, 84.43, 86.49, 86.12, 87.03, 86.08, 86.61, 83.6, 87.87, 87.67, 86.77, 85.6, 88.4, 86.46, 85.75, 88.48, 87.42, 86.61, 87.42, 88.15, 89.04, 88.41, 86.76, 88.55, 87.73, 88.49, 87.37, 87.2, 90.0, 88.61, 87.6, 87.49, 88.05, 88.01, 87.46, 89.01, 88.26, 88.82, 89.28, 88.53, 88.88, 87.91, 89.15, 89.68, 88.93, 88.68, 89.38, 90.08, 86.8, 87.84, 89.72, 89.27, 90.91, 91.08, 88.77, 89.34, 89.76, 91.39, 90.01, 89.48, 90.13, 90.12, 90.98, 90.4, 90.91, 90.38, 89.69, 90.8, 92.21, 90.8, 90.67, 90.91, 91.23, 90.57, 91.56, 91.87, 91.51, 91.62, 91.61, 92.23, 92.37, 91.28, 91.61, 91.04, 90.98, 92.38, 92.01, 90.98, 91.83, 92.04, 92.0, 93.07, 92.47, 92.26, 92.48, 92.36, 92.41, 92.92, 91.77, 93.33, 92.74, 91.5, 93.59, 93.31, 93.21, 93.53, 93.57, 93.45, 93.37, 93.49, 93.73, 93.65, 93.08, 92.96, 94.08, 94.07, 94.06, 94.35, 94.42, 94.23, 94.87, 94.43, 94.27, 94.4, 94.59, 94.28, 94.74, 94.27, 94.81, 94.57, 94.77, 94.45, 94.68, 94.76, 94.82, 94.95, 95.04, 95.2, 95.01, 95.07, 95.08, 95.13, 95.4, 95.47, 95.45, 95.37, 95.49, 95.57, 95.59, 95.64, 95.76, 95.68, 95.8, 95.66, 95.92, 95.84, 95.72, 95.85, 95.97, 95.87, 95.96, 96.01, 95.94, 95.93, 95.9, 95.92, 96.0, 95.93, 96.02, 95.99, 95.96, 95.97, 95.89, 96.03, 95.99], "profiles": [{"epoch": 1, "cka": [0.4918, 0.4366, 0.3561, 0.3704], "grad_phi": [0.5082, 0.0553, 0.0805, -0.0143], "phi": [0.5082, 0.5634, 0.6439, 0.6296]}, {"epoch": 20, "cka": [0.1426, 0.6287, 0.308, 0.241], "grad_phi": [0.8574, -0.4861, 0.3207, 0.067], "phi": [0.8574, 0.3713, 0.692, 0.759]}, {"epoch": 40, "cka": [0.0918, 0.7229, 0.2957, 0.2199], "grad_phi": [0.9082, -0.631, 0.4271, 0.0758], "phi": [0.9082, 0.2771, 0.7043, 0.7801]}, {"epoch": 60, "cka": [0.1481, 0.5849, 0.2744, 0.2747], "grad_phi": [0.8519, -0.4368, 0.3105, -0.0003], "phi": [0.8519, 0.4151, 0.7256, 0.7253]}, {"epoch": 80, "cka": [0.1898, 0.7955, 0.2061, 0.2335], "grad_phi": [0.8102, -0.6057, 0.5894, -0.0273], "phi": [0.8102, 0.2045, 0.7939, 0.7665]}, {"epoch": 100, "cka": [0.0429, 0.7822, 0.1348, 0.2417], "grad_phi": [0.9571, -0.7393, 0.6475, -0.107], "phi": [0.9571, 0.2178, 0.8652, 0.7583]}, {"epoch": 120, "cka": [0.0468, 0.8436, 0.1093, 0.2786], "grad_phi": [0.9532, -0.7968, 0.7343, -0.1693], "phi": [0.9532, 0.1564, 0.8907, 0.7214]}, {"epoch": 140, "cka": [0.0307, 0.8551, 0.0788, 0.2464], "grad_phi": [0.9693, -0.8244, 0.7763, -0.1676], "phi": [0.9693, 0.1449, 0.9212, 0.7536]}, {"epoch": 160, "cka": [0.0254, 0.8972, 0.058, 0.2374], "grad_phi": [0.9746, -0.8718, 0.8392, -0.1795], "phi": [0.9746, 0.1028, 0.942, 0.7626]}, {"epoch": 180, "cka": [0.0245, 0.9171, 0.0356, 0.2306], "grad_phi": [0.9755, -0.8925, 0.8815, -0.195], "phi": [0.9755, 0.0829, 0.9644, 0.7694]}, {"epoch": 200, "cka": [0.0273, 0.9244, 0.0348, 0.2296], "grad_phi": [0.9727, -0.8971, 0.8896, -0.1948], "phi": [0.9727, 0.0756, 0.9652, 0.7704]}]}