{"method": "oa_sam", "seed": 43, "cfg": {"lr": 0.1, "momentum": 0.9, "weight_decay": 0.0005, "epochs": 200, "batch_size": 128, "use_sam": true, "rho": 0.05, "lam_base": 0.01, "lam_sign": -1}, "train_loss": [2.16246, 1.53898, 1.25169, 1.03102, 0.87364, 0.73912, 0.64096, 0.57887, 0.53411, 0.50043, 0.46612, 0.44474, 0.42559, 0.40721, 0.39733, 0.37747, 0.37259, 0.35805, 0.35158, 0.3409, 0.34198, 0.33228, 0.32636, 0.32422, 0.31561, 0.31369, 0.30157, 0.30028, 0.29997, 0.30081, 0.29569, 0.2915, 0.28659, 0.28521, 0.27816, 0.28525, 0.27279, 0.275, 0.27249, 0.26958, 0.26672, 0.26448, 0.26363, 0.26089, 0.25399, 0.25943, 0.25153, 0.24864, 0.24165, 0.24334, 0.24581, 0.23766, 0.2384, 0.23333, 0.23346, 0.2334, 0.22839, 0.22693, 0.22516, 0.22275, 0.22127, 0.21696, 0.21558, 0.21488, 0.21096, 0.20765, 0.20694, 0.20628, 0.19825, 0.1981, 0.19798, 0.19607, 0.19068, 0.19159, 0.19072, 0.18864, 0.18928, 0.18051, 0.17894, 0.1775, 0.18062, 0.17251, 0.16949, 0.17049, 0.16408, 0.16178, 0.15972, 0.15992, 0.15836, 0.15205, 0.15029, 0.14753, 0.14469, 0.14431, 0.14425, 0.13933, 0.13822, 0.13225, 0.13201, 0.12882, 0.12452, 0.12001, 0.12249, 0.11912, 0.11357, 0.11329, 0.11181, 0.10488, 0.10608, 0.10434, 0.09832, 0.09747, 0.09254, 0.09043, 0.08735, 0.08194, 0.0842, 0.08186, 0.07812, 0.07325, 0.06934, 0.07147, 0.06923, 0.06218, 0.06294, 0.0566, 0.05725, 0.05361, 0.04852, 0.04711, 0.04585, 0.04223, 0.04141, 0.03675, 0.03926, 0.03297, 0.03244, 0.03121, 0.02793, 0.02346, 0.02248, 0.01808, 0.01837, 0.01737, 0.01355, 0.01234, 0.01044, 0.00851, 0.00684, 0.00537, 0.00454, 0.00335, 0.00087, -0.00051, -0.0011, -0.00215, -0.00453, -0.00574, -0.00547, -0.00707, -0.00932, -0.0089, -0.01017, -0.01082, -0.01106, -0.0122, -0.01327, -0.01378, -0.0141, -0.01465, -0.01487, -0.01555, -0.01603, -0.01649, -0.01704, -0.01726, -0.01751, -0.01797, -0.01825, -0.01859, -0.01852, -0.01873, -0.019, -0.01915, -0.0193, -0.01944, -0.01957, -0.01965, -0.01976, -0.01985, -0.01991, -0.0199, -0.01993, -0.02002, -0.02011, -0.02006, -0.02006, -0.02003, -0.02007, -0.02008], "test_acc": [34.17, 48.1, 54.89, 65.06, 72.14, 72.57, 74.05, 76.58, 79.47, 81.26, 81.79, 80.2, 82.39, 81.18, 83.79, 85.54, 82.02, 85.27, 86.35, 86.17, 84.73, 84.67, 85.88, 85.79, 86.13, 86.15, 88.21, 85.74, 83.7, 87.83, 86.35, 83.39, 85.86, 88.03, 89.18, 88.33, 86.99, 87.63, 88.27, 88.4, 86.46, 87.8, 88.87, 86.69, 86.42, 86.21, 88.07, 89.32, 87.82, 87.49, 87.92, 88.37, 88.5, 87.02, 88.58, 89.0, 88.64, 88.4, 89.72, 86.96, 89.87, 89.31, 86.47, 87.99, 89.71, 89.74, 88.4, 87.76, 89.74, 88.15, 88.03, 89.93, 90.53, 88.62, 89.62, 89.22, 90.23, 90.63, 89.95, 89.64, 88.99, 89.05, 91.32, 90.64, 88.15, 90.76, 90.46, 90.54, 90.59, 90.31, 91.06, 88.71, 91.16, 91.51, 90.81, 90.74, 90.87, 91.36, 90.89, 92.61, 90.56, 90.9, 91.99, 92.14, 92.4, 90.47, 91.61, 92.01, 91.98, 91.46, 92.71, 91.22, 90.59, 92.35, 92.67, 91.67, 93.01, 91.86, 92.56, 92.99, 92.48, 93.04, 92.6, 93.17, 92.57, 93.09, 92.54, 93.54, 93.12, 93.38, 93.52, 92.81, 93.63, 93.12, 93.75, 93.63, 94.11, 93.86, 94.29, 94.01, 94.02, 93.88, 93.8, 94.27, 94.12, 94.36, 94.41, 94.28, 94.68, 94.3, 94.7, 94.54, 94.48, 94.95, 94.4, 94.54, 95.06, 95.17, 94.99, 94.96, 95.09, 94.86, 95.36, 95.26, 95.03, 95.33, 95.3, 95.49, 95.46, 95.48, 95.63, 95.45, 95.65, 95.62, 95.64, 95.77, 95.62, 95.48, 95.77, 95.64, 95.76, 95.7, 95.53, 95.72, 95.74, 95.74, 95.8, 95.91, 95.81, 95.92, 95.93, 95.88, 95.86, 95.9, 95.84, 95.78, 95.79, 95.89, 95.85, 95.83], "profiles": [{"epoch": 1, "cka": [0.1446, 0.1251, 0.0726, 0.3236], "grad_phi": [0.8554, 0.0196, 0.0525, -0.251], "phi": [0.8554, 0.8749, 0.9274, 0.6764]}, {"epoch": 20, "cka": [0.2469, 0.3588, 0.3884, 0.2774], "grad_phi": [0.7531, -0.1119, -0.0295, 0.111], "phi": [0.7531, 0.6412, 0.6116, 0.7226]}, {"epoch": 40, "cka": [0.243, 0.3312, 0.427, 0.2484], "grad_phi": [0.757, -0.0882, -0.0958, 0.1786], "phi": [0.757, 0.6688, 0.573, 0.7516]}, {"epoch": 60, "cka": [0.208, 0.3528, 0.703, 0.2184], "grad_phi": [0.792, -0.1448, -0.3502, 0.4845], "phi": [0.792, 0.6472, 0.297, 0.7816]}, {"epoch": 80, "cka": [0.196, 0.3145, 0.7725, 0.203], "grad_phi": [0.804, -0.1185, -0.458, 0.5695], "phi": [0.804, 0.6855, 0.2275, 0.797]}, {"epoch": 100, "cka": [0.2113, 0.249, 0.7685, 0.2385], "grad_phi": [0.7887, -0.0377, -0.5195, 0.53], "phi": [0.7887, 0.751, 0.2315, 0.7615]}, {"epoch": 120, "cka": [0.1462, 0.2163, 0.8382, 0.2112], "grad_phi": [0.8538, -0.0701, -0.6219, 0.627], "phi": [0.8538, 0.7837, 0.1618, 0.7888]}, {"epoch": 140, "cka": [0.1401, 0.1703, 0.8572, 0.2297], "grad_phi": [0.8599, -0.0303, -0.6869, 0.6275], "phi": [0.8599, 0.8297, 0.1428, 0.7703]}, {"epoch": 160, "cka": [0.092, 0.0841, 0.9101, 0.2036], "grad_phi": [0.908, 0.0078, -0.826, 0.7066], "phi": [0.908, 0.9159, 0.0899, 0.7964]}, {"epoch": 180, "cka": [0.0789, 0.0594, 0.9347, 0.1678], "grad_phi": [0.9211, 0.0195, -0.8753, 0.7669], "phi": [0.9211, 0.9406, 0.0653, 0.8322]}, {"epoch": 200, "cka": [0.0777, 0.0538, 0.9391, 0.1672], "grad_phi": [0.9223, 0.0238, -0.8852, 0.7719], "phi": [0.9223, 0.9462, 0.0609, 0.8328]}]}