{"method": "oa_sam_pos", "seed": 42, "cfg": {"lr": 0.1, "momentum": 0.9, "weight_decay": 0.0005, "epochs": 200, "batch_size": 128, "use_sam": true, "rho": 0.05, "lam_base": 0.01, "lam_sign": 1}, "train_loss": [2.27643, 1.7125, 1.50698, 1.30873, 1.09718, 0.8925, 0.74757, 0.65781, 0.59602, 0.5624, 0.53128, 0.50209, 0.48334, 0.46139, 0.44586, 0.428, 0.42247, 0.40657, 0.40235, 0.38904, 0.3851, 0.37615, 0.36332, 0.36159, 0.35172, 0.35041, 0.34745, 0.343, 0.33609, 0.33274, 0.32723, 0.32496, 0.31858, 0.30774, 0.31436, 0.30677, 0.30902, 0.30311, 0.3033, 0.29774, 0.29839, 0.28696, 0.29222, 0.29302, 0.28593, 0.28847, 0.27845, 0.27874, 0.27086, 0.26958, 0.27151, 0.26755, 0.26546, 0.25681, 0.25952, 0.26151, 0.25829, 0.25389, 0.25256, 0.24918, 0.24919, 0.24723, 0.24188, 0.2394, 0.24133, 0.23687, 0.23794, 0.23325, 0.22821, 0.22479, 0.22195, 0.22147, 0.21635, 0.21468, 0.21853, 0.21391, 0.21001, 0.20362, 0.20867, 0.2012, 0.2044, 0.19868, 0.19435, 0.18948, 0.19034, 0.18734, 0.18399, 0.18195, 0.17424, 0.17465, 0.17476, 0.17288, 0.16733, 0.16878, 0.16564, 0.16, 0.15763, 0.15774, 0.1518, 0.15013, 0.14824, 0.1425, 0.14342, 0.1401, 0.138, 0.135, 0.13011, 0.12771, 0.12807, 0.12524, 0.1196, 0.11594, 0.11278, 0.10956, 0.10748, 0.1058, 0.10443, 0.10102, 0.0989, 0.09065, 0.09325, 0.08934, 0.08561, 0.08566, 0.08132, 0.07964, 0.07784, 0.07205, 0.07168, 0.06738, 0.06582, 0.06153, 0.06278, 0.05646, 0.05637, 0.05226, 0.05052, 0.04595, 0.04646, 0.04581, 0.04403, 0.03967, 0.03844, 0.03708, 0.03431, 0.03154, 0.02977, 0.02944, 0.02868, 0.02694, 0.02465, 0.02407, 0.02118, 0.02111, 0.02018, 0.01819, 0.01756, 0.01653, 0.01528, 0.01485, 0.014, 0.01292, 0.01216, 0.01181, 0.01096, 0.0102, 0.00963, 0.00949, 0.00906, 0.00863, 0.00809, 0.00752, 0.00741, 0.0069, 0.00657, 0.00656, 0.00616, 0.00582, 0.0059, 0.00558, 0.00532, 0.00531, 0.00499, 0.00491, 0.00485, 0.00473, 0.00467, 0.00456, 0.00451, 0.00446, 0.00445, 0.00436, 0.00438, 0.00433, 0.00428, 0.00429, 0.00423, 0.00423, 0.0042, 0.00429], "test_acc": [35.42, 41.2, 49.89, 55.23, 65.98, 66.97, 74.87, 78.11, 77.56, 79.07, 80.89, 82.51, 81.9, 80.83, 84.85, 84.88, 84.47, 84.07, 82.36, 83.89, 80.92, 85.62, 84.4, 84.51, 85.28, 84.94, 85.82, 85.13, 86.07, 87.76, 83.92, 79.8, 86.49, 83.36, 86.92, 86.26, 87.84, 84.65, 85.08, 84.68, 88.33, 86.85, 87.83, 89.06, 85.61, 87.45, 86.81, 88.65, 88.5, 86.99, 85.17, 88.81, 86.57, 89.35, 88.14, 85.4, 87.8, 89.23, 88.79, 88.56, 87.63, 89.28, 88.53, 87.8, 86.66, 89.07, 89.31, 88.92, 90.15, 89.99, 89.36, 89.19, 89.6, 90.38, 89.42, 88.96, 89.56, 90.06, 88.28, 90.28, 90.3, 89.44, 89.44, 90.16, 90.7, 89.63, 89.77, 90.82, 88.98, 89.48, 90.51, 91.25, 89.5, 89.41, 90.84, 91.76, 91.71, 91.25, 90.98, 90.36, 91.48, 90.47, 91.65, 91.77, 91.72, 90.95, 91.5, 92.15, 92.27, 92.53, 91.51, 92.37, 92.65, 92.37, 91.6, 91.36, 92.41, 91.28, 92.1, 91.47, 92.61, 92.44, 93.04, 92.45, 92.5, 91.46, 92.93, 92.99, 92.37, 92.99, 93.16, 93.6, 93.18, 93.18, 93.62, 93.78, 93.51, 93.85, 93.38, 93.64, 93.34, 93.66, 94.26, 93.78, 94.17, 93.89, 94.19, 94.14, 94.49, 94.45, 94.31, 94.56, 94.61, 94.3, 94.34, 94.74, 94.84, 94.98, 94.8, 94.73, 94.92, 94.66, 95.05, 95.11, 94.95, 94.92, 95.08, 95.37, 95.06, 95.25, 95.35, 95.25, 95.39, 95.51, 95.47, 95.46, 95.56, 95.63, 95.49, 95.72, 95.55, 95.74, 95.77, 95.86, 95.75, 95.92, 95.84, 95.89, 95.79, 95.71, 95.84, 95.85, 95.8, 95.8, 95.89, 95.9, 95.86, 95.85, 95.97, 95.91], "profiles": [{"epoch": 1, "cka": [0.4849, 0.2887, 0.1655, 0.3134], "grad_phi": [0.5151, 0.1962, 0.1231, -0.1479], "phi": [0.5151, 0.7113, 0.8345, 0.6866]}, {"epoch": 20, "cka": [0.6942, 0.4936, 0.414, 0.3352], "grad_phi": [0.3058, 0.2006, 0.0796, 0.0788], "phi": [0.3058, 0.5064, 0.586, 0.6648]}, {"epoch": 40, "cka": [0.7124, 0.4423, 0.3779, 0.2962], "grad_phi": [0.2876, 0.2702, 0.0644, 0.0816], "phi": [0.2876, 0.5577, 0.6221, 0.7038]}, {"epoch": 60, "cka": [0.7189, 0.4699, 0.3287, 0.2837], "grad_phi": [0.2811, 0.2489, 0.1413, 0.045], "phi": [0.2811, 0.5301, 0.6713, 0.7163]}, {"epoch": 80, "cka": [0.7688, 0.5473, 0.3909, 0.2583], "grad_phi": [0.2312, 0.2215, 0.1564, 0.1327], "phi": [0.2312, 0.4527, 0.6091, 0.7417]}, {"epoch": 100, "cka": [0.7537, 0.5504, 0.3919, 0.2714], "grad_phi": [0.2463, 0.2034, 0.1585, 0.1205], "phi": [0.2463, 0.4496, 0.6081, 0.7286]}, {"epoch": 120, "cka": [0.7531, 0.5302, 0.3679, 0.2599], "grad_phi": [0.2469, 0.2229, 0.1622, 0.108], "phi": [0.2469, 0.4698, 0.6321, 0.7401]}, {"epoch": 140, "cka": [0.7199, 0.5728, 0.366, 0.2676], "grad_phi": [0.2801, 0.1471, 0.2068, 0.0984], "phi": [0.2801, 0.4272, 0.634, 0.7324]}, {"epoch": 160, "cka": [0.7634, 0.6038, 0.3671, 0.2539], "grad_phi": [0.2366, 0.1596, 0.2366, 0.1133], "phi": [0.2366, 0.3962, 0.6329, 0.7461]}, {"epoch": 180, "cka": [0.7792, 0.6393, 0.3892, 0.2455], "grad_phi": [0.2208, 0.1399, 0.2501, 0.1438], "phi": [0.2208, 0.3607, 0.6108, 0.7545]}, {"epoch": 200, "cka": [0.776, 0.6404, 0.3779, 0.2414], "grad_phi": [0.224, 0.1356, 0.2625, 0.1365], "phi": [0.224, 0.3596, 0.6221, 0.7586]}]}