{"method": "oa_sam_pos", "seed": 43, "cfg": {"lr": 0.1, "momentum": 0.9, "weight_decay": 0.0005, "epochs": 200, "batch_size": 128, "use_sam": true, "rho": 0.05, "lam_base": 0.01, "lam_sign": 1}, "train_loss": [2.22431, 1.59245, 1.25704, 1.01328, 0.83253, 0.69566, 0.61504, 0.55877, 0.5256, 0.49577, 0.46887, 0.45138, 0.42819, 0.41453, 0.40792, 0.38811, 0.38215, 0.37046, 0.35881, 0.35094, 0.35327, 0.34385, 0.33389, 0.33429, 0.32672, 0.31759, 0.31461, 0.31015, 0.30736, 0.31117, 0.30351, 0.30132, 0.29561, 0.29402, 0.28715, 0.29292, 0.28375, 0.28439, 0.28165, 0.27758, 0.27993, 0.27463, 0.27591, 0.27417, 0.26434, 0.26629, 0.2631, 0.26039, 0.25713, 0.26086, 0.25514, 0.25053, 0.25162, 0.24993, 0.25014, 0.2428, 0.24466, 0.2439, 0.23932, 0.2419, 0.23134, 0.23294, 0.23216, 0.23257, 0.22864, 0.22254, 0.22403, 0.22234, 0.21569, 0.21869, 0.21217, 0.21257, 0.20702, 0.20739, 0.20483, 0.20114, 0.20115, 0.19606, 0.19545, 0.19062, 0.1955, 0.18828, 0.18453, 0.18425, 0.18392, 0.18093, 0.17866, 0.17661, 0.17443, 0.16888, 0.17052, 0.16463, 0.16266, 0.16222, 0.16084, 0.15443, 0.15274, 0.14846, 0.14588, 0.14475, 0.14453, 0.13976, 0.13403, 0.13362, 0.13118, 0.12938, 0.12584, 0.12182, 0.11917, 0.11888, 0.11887, 0.11238, 0.11289, 0.10631, 0.10819, 0.10309, 0.10059, 0.09782, 0.09478, 0.09215, 0.09009, 0.08568, 0.08459, 0.0822, 0.07781, 0.07799, 0.07483, 0.07267, 0.06914, 0.06759, 0.06717, 0.06304, 0.05776, 0.0551, 0.05455, 0.05132, 0.05235, 0.0493, 0.0457, 0.04299, 0.04055, 0.04089, 0.03992, 0.03554, 0.03515, 0.03264, 0.03003, 0.02907, 0.0272, 0.02568, 0.02486, 0.02336, 0.02048, 0.02074, 0.02062, 0.01877, 0.01761, 0.01597, 0.01517, 0.01401, 0.01313, 0.01343, 0.01222, 0.01163, 0.01114, 0.00999, 0.00966, 0.00897, 0.00884, 0.00855, 0.00816, 0.0074, 0.00719, 0.00693, 0.00662, 0.00611, 0.00605, 0.00579, 0.00548, 0.00546, 0.00517, 0.00503, 0.00476, 0.00473, 0.00459, 0.00456, 0.00449, 0.00439, 0.00429, 0.00426, 0.00425, 0.0042, 0.00415, 0.00413, 0.0041, 0.00404, 0.00407, 0.00409, 0.00409, 0.00405], "test_acc": [31.38, 46.67, 57.92, 67.89, 70.75, 75.68, 75.57, 81.08, 79.53, 82.25, 81.78, 83.88, 84.42, 82.48, 82.15, 83.85, 84.12, 85.62, 86.5, 86.74, 85.0, 87.33, 87.5, 84.23, 85.56, 86.42, 85.74, 86.67, 84.53, 87.32, 88.48, 86.84, 84.66, 87.01, 88.92, 87.17, 86.39, 88.33, 87.03, 87.64, 86.91, 85.08, 87.46, 87.83, 88.31, 86.01, 87.6, 89.03, 88.57, 87.9, 86.79, 89.65, 87.74, 86.27, 88.99, 87.91, 88.44, 89.52, 90.38, 88.81, 89.78, 87.47, 87.33, 87.62, 89.83, 89.94, 89.04, 89.2, 88.84, 90.4, 86.93, 90.05, 90.11, 88.03, 88.69, 90.61, 90.11, 90.16, 90.62, 90.29, 90.35, 88.3, 89.4, 90.37, 88.96, 90.28, 89.82, 90.5, 90.32, 90.94, 91.3, 91.26, 90.46, 91.75, 90.89, 90.75, 91.51, 90.97, 92.34, 91.28, 91.22, 91.82, 91.97, 91.48, 92.27, 92.0, 91.51, 91.73, 91.31, 91.47, 93.02, 92.27, 92.25, 92.71, 91.99, 92.04, 92.62, 92.46, 92.4, 92.66, 92.18, 92.53, 92.69, 93.51, 92.89, 93.1, 93.39, 93.19, 93.61, 92.82, 93.36, 93.06, 93.49, 93.73, 93.41, 93.73, 93.59, 93.84, 94.06, 94.01, 93.85, 93.99, 94.36, 93.61, 94.25, 94.49, 94.34, 94.2, 94.49, 94.66, 94.7, 94.92, 94.75, 94.83, 94.57, 95.0, 94.72, 94.98, 95.29, 94.99, 95.04, 95.24, 95.52, 95.12, 95.28, 95.43, 95.48, 95.41, 95.68, 95.7, 95.49, 95.54, 95.75, 95.37, 95.5, 95.76, 95.61, 95.8, 95.71, 95.81, 95.84, 95.93, 95.86, 95.81, 95.93, 95.87, 95.77, 95.82, 95.72, 95.9, 95.87, 95.94, 95.87, 95.83, 95.94, 95.97, 95.92, 95.91, 95.92, 95.85], "profiles": [{"epoch": 1, "cka": [0.5559, 0.1041, 0.0558, 0.2741], "grad_phi": [0.4441, 0.4518, 0.0483, -0.2183], "phi": [0.4441, 0.8959, 0.9442, 0.7259]}, {"epoch": 20, "cka": [0.6312, 0.431, 0.3647, 0.2694], "grad_phi": [0.3688, 0.2002, 0.0663, 0.0953], "phi": [0.3688, 0.569, 0.6353, 0.7306]}, {"epoch": 40, "cka": [0.5286, 0.363, 0.3331, 0.2778], "grad_phi": [0.4714, 0.1657, 0.0299, 0.0553], "phi": [0.4714, 0.637, 0.6669, 0.7222]}, {"epoch": 60, "cka": [0.6904, 0.5051, 0.3569, 0.2307], "grad_phi": [0.3096, 0.1853, 0.1482, 0.1262], "phi": [0.3096, 0.4949, 0.6431, 0.7693]}, {"epoch": 80, "cka": [0.601, 0.4835, 0.3203, 0.2408], "grad_phi": [0.399, 0.1175, 0.1632, 0.0795], "phi": [0.399, 0.5165, 0.6797, 0.7592]}, {"epoch": 100, "cka": [0.6637, 0.4748, 0.3358, 0.2825], "grad_phi": [0.3363, 0.1889, 0.139, 0.0533], "phi": [0.3363, 0.5252, 0.6642, 0.7175]}, {"epoch": 120, "cka": [0.6237, 0.4676, 0.3169, 0.2508], "grad_phi": [0.3763, 0.1561, 0.1507, 0.0661], "phi": [0.3763, 0.5324, 0.6831, 0.7492]}, {"epoch": 140, "cka": [0.7046, 0.5334, 0.3364, 0.2424], "grad_phi": [0.2954, 0.1712, 0.1971, 0.094], "phi": [0.2954, 0.4666, 0.6636, 0.7576]}, {"epoch": 160, "cka": [0.7335, 0.5485, 0.3169, 0.2598], "grad_phi": [0.2665, 0.185, 0.2317, 0.0571], "phi": [0.2665, 0.4515, 0.6831, 0.7402]}, {"epoch": 180, "cka": [0.7777, 0.6047, 0.3516, 0.2555], "grad_phi": [0.2223, 0.173, 0.253, 0.0961], "phi": [0.2223, 0.3953, 0.6484, 0.7445]}, {"epoch": 200, "cka": [0.7832, 0.5937, 0.3511, 0.2566], "grad_phi": [0.2168, 0.1895, 0.2426, 0.0945], "phi": [0.2168, 0.4063, 0.6489, 0.7434]}]}