{"method": "oa_sam_pos", "seed": 45, "cfg": {"lr": 0.1, "momentum": 0.9, "weight_decay": 0.0005, "epochs": 200, "batch_size": 128, "use_sam": true, "rho": 0.05, "lam_base": 0.01, "lam_sign": 1}, "train_loss": [2.13962, 1.60373, 1.31207, 1.05649, 0.87927, 0.73731, 0.64177, 0.57132, 0.53444, 0.50248, 0.47584, 0.45654, 0.43739, 0.42751, 0.40471, 0.39785, 0.38717, 0.37728, 0.37515, 0.36143, 0.3602, 0.34898, 0.33832, 0.34029, 0.32871, 0.32882, 0.32191, 0.31725, 0.31669, 0.31235, 0.30356, 0.30694, 0.30075, 0.29576, 0.30114, 0.28831, 0.28762, 0.2888, 0.28748, 0.28084, 0.27514, 0.27517, 0.27494, 0.27286, 0.26705, 0.26612, 0.26752, 0.26456, 0.2627, 0.25573, 0.25883, 0.25313, 0.25147, 0.24689, 0.25059, 0.24243, 0.24203, 0.25242, 0.24156, 0.24008, 0.23161, 0.2314, 0.23015, 0.23239, 0.22816, 0.22411, 0.22239, 0.22182, 0.21794, 0.2175, 0.21674, 0.21174, 0.2138, 0.20993, 0.20156, 0.2024, 0.20205, 0.19952, 0.19852, 0.1916, 0.18784, 0.19587, 0.18945, 0.1869, 0.18299, 0.17767, 0.18181, 0.17368, 0.17526, 0.17014, 0.16668, 0.16429, 0.16478, 0.15858, 0.15707, 0.15676, 0.15653, 0.14987, 0.14887, 0.1446, 0.14326, 0.13904, 0.13786, 0.13564, 0.1321, 0.1263, 0.13013, 0.12454, 0.12196, 0.119, 0.11632, 0.11034, 0.11275, 0.10801, 0.10644, 0.10248, 0.10105, 0.09385, 0.09557, 0.09345, 0.08928, 0.08622, 0.08415, 0.08093, 0.07822, 0.07766, 0.07238, 0.07147, 0.06898, 0.06538, 0.06524, 0.06153, 0.05917, 0.05537, 0.05374, 0.05322, 0.04797, 0.04708, 0.04522, 0.04632, 0.04091, 0.03967, 0.03806, 0.03485, 0.03462, 0.03397, 0.03004, 0.028, 0.02758, 0.02595, 0.02408, 0.02288, 0.0219, 0.0206, 0.01903, 0.01833, 0.01723, 0.01684, 0.01616, 0.0136, 0.0139, 0.01259, 0.01282, 0.01157, 0.01062, 0.01052, 0.01024, 0.00912, 0.00854, 0.00831, 0.0081, 0.00735, 0.00714, 0.00698, 0.0065, 0.00614, 0.00607, 0.00588, 0.00554, 0.00538, 0.00517, 0.00501, 0.00498, 0.00481, 0.00474, 0.00458, 0.00454, 0.00439, 0.00439, 0.00427, 0.00424, 0.00423, 0.00418, 0.00411, 0.00413, 0.0041, 0.00407, 0.00407, 0.00404, 0.00406], "test_acc": [32.91, 48.38, 55.7, 63.26, 69.95, 73.69, 77.82, 71.81, 81.05, 81.13, 82.08, 81.97, 81.82, 82.95, 82.8, 84.36, 81.45, 82.63, 82.12, 84.63, 84.86, 84.44, 83.3, 86.77, 83.18, 87.05, 85.71, 87.24, 85.84, 87.99, 86.28, 87.9, 88.3, 86.03, 85.49, 87.89, 87.04, 89.01, 87.59, 87.43, 86.55, 87.8, 86.5, 89.03, 87.14, 89.29, 87.84, 87.43, 88.07, 86.51, 87.77, 87.51, 88.28, 88.6, 88.53, 88.93, 86.71, 89.67, 89.01, 88.8, 89.17, 87.06, 89.52, 88.73, 88.65, 88.5, 88.75, 88.36, 89.06, 89.79, 89.15, 89.44, 88.32, 87.72, 89.84, 88.89, 89.88, 89.79, 89.44, 90.03, 89.58, 89.83, 90.56, 90.75, 91.1, 89.32, 90.86, 90.6, 92.07, 88.89, 90.5, 89.86, 91.76, 91.61, 91.27, 90.95, 90.53, 89.66, 92.1, 91.5, 90.85, 91.63, 91.72, 91.63, 92.39, 92.79, 91.76, 90.04, 92.33, 92.03, 92.52, 90.74, 91.02, 91.48, 91.61, 92.27, 91.06, 92.91, 92.25, 92.81, 93.11, 93.01, 92.77, 92.89, 92.68, 93.0, 91.44, 93.29, 93.53, 93.05, 93.41, 92.72, 93.2, 93.63, 93.59, 92.61, 93.27, 93.64, 93.92, 93.65, 93.84, 94.0, 93.63, 94.02, 94.22, 94.36, 94.41, 94.14, 94.74, 94.64, 94.58, 94.58, 94.65, 95.0, 94.68, 94.56, 94.95, 94.96, 95.02, 95.02, 95.29, 95.09, 95.45, 95.49, 95.25, 95.3, 95.22, 95.29, 95.75, 95.44, 95.59, 95.82, 95.55, 95.45, 95.42, 95.69, 95.62, 95.72, 95.7, 95.86, 95.88, 95.88, 95.76, 95.84, 95.85, 95.94, 95.96, 95.9, 95.93, 95.99, 95.88, 95.95, 96.02, 95.98, 95.96, 95.93, 95.94, 96.03, 96.07, 95.99], "profiles": [{"epoch": 1, "cka": [0.5553, 0.4317, 0.325, 0.3687], "grad_phi": [0.4447, 0.1236, 0.1067, -0.0437], "phi": [0.4447, 0.5683, 0.675, 0.6313]}, {"epoch": 20, "cka": [0.5627, 0.3656, 0.3461, 0.26], "grad_phi": [0.4373, 0.197, 0.0195, 0.0862], "phi": [0.4373, 0.6344, 0.6539, 0.74]}, {"epoch": 40, "cka": [0.6022, 0.4716, 0.3768, 0.2458], "grad_phi": [0.3978, 0.1306, 0.0948, 0.131], "phi": [0.3978, 0.5284, 0.6232, 0.7542]}, {"epoch": 60, "cka": [0.527, 0.3472, 0.3244, 0.2794], "grad_phi": [0.473, 0.1798, 0.0228, 0.045], "phi": [0.473, 0.6528, 0.6756, 0.7206]}, {"epoch": 80, "cka": [0.6958, 0.4335, 0.3043, 0.2195], "grad_phi": [0.3042, 0.2623, 0.1292, 0.0848], "phi": [0.3042, 0.5665, 0.6957, 0.7805]}, {"epoch": 100, "cka": [0.6988, 0.4972, 0.3686, 0.247], "grad_phi": [0.3012, 0.2016, 0.1287, 0.1216], "phi": [0.3012, 0.5028, 0.6314, 0.753]}, {"epoch": 120, "cka": [0.6636, 0.5374, 0.3706, 0.2693], "grad_phi": [0.3364, 0.1262, 0.1668, 0.1013], "phi": [0.3364, 0.4626, 0.6294, 0.7307]}, {"epoch": 140, "cka": [0.7364, 0.5647, 0.3672, 0.2735], "grad_phi": [0.2636, 0.1718, 0.1975, 0.0937], "phi": [0.2636, 0.4353, 0.6328, 0.7265]}, {"epoch": 160, "cka": [0.7385, 0.5626, 0.3546, 0.2512], "grad_phi": [0.2615, 0.176, 0.208, 0.1034], "phi": [0.2615, 0.4374, 0.6454, 0.7488]}, {"epoch": 180, "cka": [0.7496, 0.5806, 0.3481, 0.2421], "grad_phi": [0.2504, 0.1691, 0.2324, 0.106], "phi": [0.2504, 0.4194, 0.6519, 0.7579]}, {"epoch": 200, "cka": [0.7671, 0.5945, 0.3638, 0.2485], "grad_phi": [0.2329, 0.1726, 0.2307, 0.1154], "phi": [0.2329, 0.4055, 0.6362, 0.7515]}]}