{"method": "oa_sam", "seed": 46, "cfg": {"lr": 0.1, "momentum": 0.9, "weight_decay": 0.0005, "epochs": 200, "batch_size": 128, "use_sam": true, "rho": 0.05, "lam_base": 0.01, "lam_sign": -1}, "train_loss": [2.29789, 1.6843, 1.40739, 1.17664, 0.97658, 0.84048, 0.72477, 0.63256, 0.57684, 0.54316, 0.50837, 0.482, 0.46062, 0.44142, 0.42208, 0.4122, 0.39658, 0.38557, 0.37763, 0.36566, 0.36071, 0.35184, 0.34682, 0.33496, 0.33067, 0.3301, 0.32529, 0.32138, 0.31301, 0.3075, 0.30696, 0.30506, 0.30176, 0.29764, 0.29253, 0.28738, 0.28351, 0.28734, 0.28171, 0.27744, 0.27994, 0.27144, 0.26805, 0.26351, 0.26349, 0.26346, 0.25977, 0.26198, 0.25279, 0.24728, 0.24774, 0.25026, 0.24058, 0.24598, 0.24254, 0.24028, 0.23401, 0.23466, 0.22743, 0.22941, 0.23038, 0.22214, 0.22185, 0.21805, 0.22066, 0.20944, 0.21533, 0.20931, 0.20804, 0.20613, 0.20181, 0.19936, 0.20085, 0.19605, 0.18865, 0.19337, 0.19162, 0.18737, 0.18807, 0.17847, 0.17856, 0.17441, 0.17427, 0.16982, 0.16722, 0.1708, 0.16482, 0.15927, 0.15553, 0.15933, 0.15203, 0.14798, 0.15332, 0.15128, 0.14301, 0.13832, 0.13818, 0.13344, 0.1345, 0.13134, 0.12709, 0.12442, 0.11982, 0.11956, 0.11578, 0.11372, 0.1116, 0.10877, 0.10723, 0.10078, 0.09776, 0.09882, 0.09379, 0.09239, 0.08962, 0.08517, 0.08455, 0.07853, 0.07679, 0.07461, 0.07207, 0.07006, 0.06485, 0.06413, 0.06253, 0.05436, 0.05488, 0.0511, 0.0505, 0.04917, 0.04293, 0.0398, 0.04016, 0.037, 0.03206, 0.03029, 0.02933, 0.02672, 0.02553, 0.02145, 0.01872, 0.01926, 0.01579, 0.01445, 0.00976, 0.00834, 0.00684, 0.00737, 0.00484, 0.00431, 0.00012, -0.00052, -0.00168, -0.00287, -0.00429, -0.00503, -0.00664, -0.00739, -0.00832, -0.00981, -0.01046, -0.01103, -0.01234, -0.01278, -0.01366, -0.01437, -0.01542, -0.01593, -0.01629, -0.01703, -0.01733, -0.01782, -0.01817, -0.01846, -0.01902, -0.01916, -0.01949, -0.01994, -0.02021, -0.02041, -0.02062, -0.02079, -0.02101, -0.02118, -0.02132, -0.02136, -0.02157, -0.02166, -0.02164, -0.0218, -0.02189, -0.02195, -0.02193, -0.02203, -0.02201, -0.02207, -0.02205, -0.02212, -0.02214, -0.02211], "test_acc": [30.16, 45.9, 53.36, 59.59, 67.13, 68.15, 74.49, 77.07, 77.46, 79.81, 80.03, 79.22, 81.85, 84.06, 81.49, 83.57, 84.08, 84.13, 84.28, 84.28, 85.07, 84.84, 85.8, 84.19, 85.62, 84.62, 86.04, 87.13, 86.89, 87.37, 87.48, 84.58, 86.45, 85.77, 86.93, 87.81, 86.88, 86.89, 87.48, 86.64, 88.0, 86.21, 86.46, 86.62, 85.45, 88.16, 85.07, 86.66, 88.46, 88.81, 88.56, 87.93, 89.11, 86.13, 84.98, 87.9, 86.51, 89.3, 88.63, 88.46, 89.19, 88.53, 88.7, 88.94, 89.78, 89.52, 89.38, 87.94, 88.87, 89.8, 87.75, 89.69, 89.32, 89.47, 89.8, 89.6, 88.56, 90.35, 89.74, 90.09, 90.97, 90.55, 91.11, 91.13, 90.58, 90.9, 90.96, 89.56, 91.05, 90.67, 91.12, 90.82, 89.96, 91.05, 91.23, 88.43, 90.94, 91.16, 92.04, 92.46, 91.38, 91.74, 91.13, 91.5, 92.5, 90.22, 91.75, 91.74, 92.46, 91.11, 91.14, 91.64, 91.97, 91.23, 91.97, 92.14, 91.67, 92.31, 92.32, 92.56, 92.68, 92.69, 93.09, 92.88, 92.89, 92.75, 92.6, 92.77, 92.58, 93.36, 93.82, 93.34, 93.4, 93.72, 93.14, 93.76, 92.79, 94.0, 93.78, 93.37, 93.09, 94.1, 94.18, 94.12, 94.47, 94.53, 94.66, 94.23, 94.5, 94.44, 94.87, 94.85, 94.69, 94.75, 94.97, 95.09, 94.93, 94.94, 95.02, 95.02, 95.34, 95.1, 95.26, 95.23, 95.38, 95.41, 95.37, 95.44, 95.62, 95.49, 95.6, 95.73, 95.7, 95.55, 95.56, 95.61, 95.56, 95.82, 95.93, 95.79, 95.78, 95.88, 95.88, 95.93, 95.96, 95.91, 95.97, 95.91, 95.99, 95.98, 95.91, 95.98, 96.08, 96.06, 95.84, 96.02, 96.04, 95.96, 95.96, 96.05], "profiles": [{"epoch": 1, "cka": [0.6016, 0.4809, 0.349, 0.3984], "grad_phi": [0.3984, 0.1208, 0.1319, -0.0494], "phi": [0.3984, 0.5191, 0.651, 0.6016]}, {"epoch": 20, "cka": [0.0964, 0.6003, 0.398, 0.3093], "grad_phi": [0.9036, -0.5039, 0.2022, 0.0887], "phi": [0.9036, 0.3997, 0.602, 0.6907]}, {"epoch": 40, "cka": [0.0814, 0.5817, 0.2775, 0.2608], "grad_phi": [0.9186, -0.5003, 0.3042, 0.0167], "phi": [0.9186, 0.4183, 0.7225, 0.7392]}, {"epoch": 60, "cka": [0.0859, 0.6992, 0.2973, 0.2421], "grad_phi": [0.9141, -0.6133, 0.4018, 0.0553], "phi": [0.9141, 0.3008, 0.7027, 0.7579]}, {"epoch": 80, "cka": [0.0722, 0.7159, 0.2535, 0.249], "grad_phi": [0.9278, -0.6437, 0.4625, 0.0045], "phi": [0.9278, 0.2841, 0.7465, 0.751]}, {"epoch": 100, "cka": [0.0629, 0.8066, 0.2679, 0.2492], "grad_phi": [0.9371, -0.7436, 0.5387, 0.0186], "phi": [0.9371, 0.1934, 0.7321, 0.7508]}, {"epoch": 120, "cka": [0.0723, 0.8369, 0.1954, 0.2631], "grad_phi": [0.9277, -0.7645, 0.6414, -0.0677], "phi": [0.9277, 0.1631, 0.8046, 0.7369]}, {"epoch": 140, "cka": [0.045, 0.8519, 0.08, 0.257], "grad_phi": [0.955, -0.8068, 0.7718, -0.177], "phi": [0.955, 0.1481, 0.92, 0.743]}, {"epoch": 160, "cka": [0.0325, 0.8898, 0.0678, 0.2551], "grad_phi": [0.9675, -0.8573, 0.822, -0.1873], "phi": [0.9675, 0.1102, 0.9322, 0.7449]}, {"epoch": 180, "cka": [0.0301, 0.9207, 0.0481, 0.2421], "grad_phi": [0.9699, -0.8906, 0.8726, -0.194], "phi": [0.9699, 0.0793, 0.9519, 0.7579]}, {"epoch": 200, "cka": [0.0264, 0.9255, 0.0416, 0.2386], "grad_phi": [0.9736, -0.8991, 0.8839, -0.197], "phi": [0.9736, 0.0745, 0.9584, 0.7614]}]}