{"method": "oa_sam_pos", "seed": 46, "cfg": {"lr": 0.1, "momentum": 0.9, "weight_decay": 0.0005, "epochs": 200, "batch_size": 128, "use_sam": true, "rho": 0.05, "lam_base": 0.01, "lam_sign": 1}, "train_loss": [2.33438, 1.7595, 1.49709, 1.26832, 1.08554, 0.94433, 0.84792, 0.7373, 0.64744, 0.60117, 0.55701, 0.5238, 0.4979, 0.48342, 0.4571, 0.44134, 0.42776, 0.41881, 0.40576, 0.39785, 0.3818, 0.38093, 0.36947, 0.36237, 0.35596, 0.35012, 0.34729, 0.3406, 0.33551, 0.32859, 0.33201, 0.32693, 0.31835, 0.3189, 0.31665, 0.31226, 0.30421, 0.30784, 0.30186, 0.29801, 0.29675, 0.28977, 0.29125, 0.28632, 0.28036, 0.28364, 0.27819, 0.27941, 0.27474, 0.26981, 0.26867, 0.26399, 0.26378, 0.26167, 0.26114, 0.26141, 0.25641, 0.25475, 0.25141, 0.24903, 0.24876, 0.24333, 0.23322, 0.2395, 0.2403, 0.23364, 0.23104, 0.22714, 0.228, 0.22526, 0.22296, 0.22115, 0.22134, 0.215, 0.21014, 0.21338, 0.20784, 0.2112, 0.20823, 0.20386, 0.19871, 0.19953, 0.19341, 0.1905, 0.1889, 0.19081, 0.18457, 0.18223, 0.17594, 0.17949, 0.17562, 0.17025, 0.16903, 0.1684, 0.16148, 0.16021, 0.15685, 0.15198, 0.15122, 0.15389, 0.14746, 0.14795, 0.14057, 0.13762, 0.13377, 0.13576, 0.13141, 0.1271, 0.1262, 0.1211, 0.1181, 0.11798, 0.1155, 0.10876, 0.11092, 0.1062, 0.10535, 0.09963, 0.09839, 0.09392, 0.09276, 0.08935, 0.08545, 0.08441, 0.08174, 0.07485, 0.07656, 0.07409, 0.07167, 0.06962, 0.06658, 0.06097, 0.06174, 0.05788, 0.05548, 0.05372, 0.05048, 0.04869, 0.0459, 0.04646, 0.04338, 0.04117, 0.03769, 0.03781, 0.03441, 0.03247, 0.03151, 0.02982, 0.02872, 0.02698, 0.02516, 0.02419, 0.02269, 0.02114, 0.01926, 0.01913, 0.01658, 0.01645, 0.01611, 0.01418, 0.01399, 0.01352, 0.01209, 0.01181, 0.01117, 0.01027, 0.00974, 0.00929, 0.00865, 0.00849, 0.00805, 0.0076, 0.00752, 0.00724, 0.00671, 0.00645, 0.00626, 0.00597, 0.00571, 0.00549, 0.00542, 0.00518, 0.00516, 0.00493, 0.00489, 0.00487, 0.00475, 0.00467, 0.00466, 0.00455, 0.00449, 0.00438, 0.00439, 0.00437, 0.00437, 0.00432, 0.00432, 0.00428, 0.00429, 0.00431], "test_acc": [23.71, 41.06, 49.91, 53.86, 63.81, 62.44, 72.01, 73.47, 75.68, 76.22, 79.65, 78.21, 78.54, 81.53, 80.91, 83.7, 80.2, 83.87, 81.83, 81.45, 84.35, 82.7, 84.17, 85.24, 85.06, 86.08, 85.8, 85.86, 85.75, 84.37, 87.19, 85.49, 85.7, 85.2, 86.33, 87.27, 84.85, 85.5, 87.94, 87.68, 87.77, 86.46, 85.36, 87.99, 87.1, 87.82, 87.21, 88.59, 88.42, 86.73, 87.59, 86.09, 89.7, 87.9, 87.56, 88.15, 86.36, 88.72, 89.19, 89.0, 89.08, 88.85, 88.56, 88.11, 89.09, 89.23, 88.07, 88.65, 88.03, 90.06, 88.79, 88.71, 88.84, 88.76, 88.21, 88.25, 89.35, 89.85, 89.22, 90.05, 89.34, 89.75, 90.11, 90.29, 90.97, 89.9, 90.71, 90.62, 89.66, 90.87, 91.36, 89.86, 90.59, 91.03, 90.71, 89.99, 90.5, 91.68, 90.98, 91.68, 90.87, 90.19, 91.32, 91.24, 91.28, 91.18, 92.38, 92.15, 92.07, 91.12, 91.08, 92.1, 92.97, 92.0, 92.22, 92.53, 92.54, 91.66, 93.15, 92.9, 92.09, 93.38, 92.59, 92.72, 92.71, 93.07, 93.1, 92.71, 92.76, 93.27, 93.23, 93.31, 93.97, 93.41, 93.68, 94.01, 93.79, 94.26, 93.97, 94.0, 93.81, 93.92, 93.85, 93.89, 94.44, 93.8, 94.3, 94.32, 94.49, 94.4, 94.97, 94.64, 94.74, 94.87, 94.83, 94.82, 94.7, 95.29, 94.93, 95.25, 95.24, 95.38, 95.05, 95.28, 95.07, 95.58, 95.53, 95.46, 95.38, 95.57, 95.5, 95.54, 95.49, 95.63, 95.63, 95.6, 95.58, 95.62, 95.51, 95.7, 95.68, 95.7, 95.8, 95.87, 95.65, 95.76, 95.7, 95.84, 95.88, 95.74, 95.87, 95.84, 95.81, 95.78, 95.83, 95.84, 95.8, 95.88, 95.84, 95.8], "profiles": [{"epoch": 1, "cka": [0.3594, 0.2743, 0.2229, 0.2657], "grad_phi": [0.6406, 0.0851, 0.0515, -0.0428], "phi": [0.6406, 0.7257, 0.7771, 0.7343]}, {"epoch": 20, "cka": [0.7568, 0.5171, 0.3901, 0.2511], "grad_phi": [0.2432, 0.2397, 0.1269, 0.139], "phi": [0.2432, 0.4829, 0.6099, 0.7489]}, {"epoch": 40, "cka": [0.7176, 0.501, 0.3682, 0.2772], "grad_phi": [0.2824, 0.2167, 0.1328, 0.091], "phi": [0.2824, 0.499, 0.6318, 0.7228]}, {"epoch": 60, "cka": [0.5712, 0.3802, 0.322, 0.2694], "grad_phi": [0.4288, 0.191, 0.0582, 0.0526], "phi": [0.4288, 0.6198, 0.678, 0.7306]}, {"epoch": 80, "cka": [0.6334, 0.4585, 0.3598, 0.2713], "grad_phi": [0.3666, 0.1749, 0.0987, 0.0885], "phi": [0.3666, 0.5415, 0.6402, 0.7287]}, {"epoch": 100, "cka": [0.7152, 0.5493, 0.4126, 0.2582], "grad_phi": [0.2848, 0.1659, 0.1367, 0.1544], "phi": [0.2848, 0.4507, 0.5874, 0.7418]}, {"epoch": 120, "cka": [0.6812, 0.5141, 0.3611, 0.2909], "grad_phi": [0.3188, 0.1671, 0.1531, 0.0701], "phi": [0.3188, 0.4859, 0.6389, 0.7091]}, {"epoch": 140, "cka": [0.6608, 0.5437, 0.4032, 0.2732], "grad_phi": [0.3392, 0.1171, 0.1405, 0.13], "phi": [0.3392, 0.4563, 0.5968, 0.7268]}, {"epoch": 160, "cka": [0.696, 0.5815, 0.3754, 0.2505], "grad_phi": [0.304, 0.1146, 0.2061, 0.1248], "phi": [0.304, 0.4185, 0.6246, 0.7495]}, {"epoch": 180, "cka": [0.7423, 0.5908, 0.3872, 0.2516], "grad_phi": [0.2577, 0.1515, 0.2036, 0.1356], "phi": [0.2577, 0.4092, 0.6128, 0.7484]}, {"epoch": 200, "cka": [0.7561, 0.5976, 0.3854, 0.2473], "grad_phi": [0.2439, 0.1585, 0.2123, 0.1381], "phi": [0.2439, 0.4024, 0.6146, 0.7527]}]}