{"method": "oa_sam_pos", "seed": 44, "cfg": {"lr": 0.1, "momentum": 0.9, "weight_decay": 0.0005, "epochs": 200, "batch_size": 128, "use_sam": true, "rho": 0.05, "lam_base": 0.01, "lam_sign": 1}, "train_loss": [2.02292, 1.51374, 1.2168, 1.01084, 0.86517, 0.73845, 0.64235, 0.57953, 0.53536, 0.5082, 0.47871, 0.45812, 0.44866, 0.4267, 0.41602, 0.40043, 0.39529, 0.38329, 0.37069, 0.36798, 0.3633, 0.35538, 0.34764, 0.34198, 0.33536, 0.33251, 0.32862, 0.32004, 0.32391, 0.31287, 0.31682, 0.30748, 0.30383, 0.30223, 0.29923, 0.30451, 0.2899, 0.28929, 0.28618, 0.28203, 0.28118, 0.27928, 0.27776, 0.28112, 0.2689, 0.27504, 0.26487, 0.26591, 0.26213, 0.26125, 0.25776, 0.2505, 0.25684, 0.25618, 0.25088, 0.24685, 0.24438, 0.24596, 0.24053, 0.23708, 0.23824, 0.24086, 0.22946, 0.23188, 0.23035, 0.2261, 0.22436, 0.22445, 0.21678, 0.21955, 0.21283, 0.21476, 0.21255, 0.20557, 0.20638, 0.20901, 0.20065, 0.19923, 0.19693, 0.1973, 0.19112, 0.1916, 0.18493, 0.18667, 0.18136, 0.18003, 0.17707, 0.17603, 0.17721, 0.17431, 0.17184, 0.16581, 0.16471, 0.1636, 0.1606, 0.15782, 0.15474, 0.14852, 0.15197, 0.14462, 0.14503, 0.14041, 0.13682, 0.13442, 0.13213, 0.12787, 0.12789, 0.12784, 0.12071, 0.1197, 0.12043, 0.11334, 0.10835, 0.10946, 0.11007, 0.1031, 0.09846, 0.0963, 0.09559, 0.09137, 0.08727, 0.08859, 0.08677, 0.07866, 0.07676, 0.07878, 0.07688, 0.07139, 0.07114, 0.06754, 0.06563, 0.06126, 0.05775, 0.05662, 0.0537, 0.05264, 0.05015, 0.04651, 0.04627, 0.04219, 0.04091, 0.04091, 0.03701, 0.03653, 0.03505, 0.03155, 0.03014, 0.02998, 0.02731, 0.02684, 0.02552, 0.02278, 0.02171, 0.01975, 0.01899, 0.01826, 0.01689, 0.01688, 0.01544, 0.01446, 0.01383, 0.01367, 0.01238, 0.01189, 0.01111, 0.01056, 0.01029, 0.00923, 0.00912, 0.00848, 0.00814, 0.00783, 0.00744, 0.00687, 0.00664, 0.00633, 0.00612, 0.00578, 0.00562, 0.00543, 0.00533, 0.00517, 0.00497, 0.00499, 0.00485, 0.0048, 0.00465, 0.0045, 0.00449, 0.00444, 0.00436, 0.00438, 0.00432, 0.00426, 0.00428, 0.00425, 0.00421, 0.00422, 0.00423, 0.00422], "test_acc": [37.89, 50.58, 61.62, 66.93, 68.47, 67.72, 77.43, 77.19, 77.71, 79.32, 82.89, 81.38, 83.3, 81.55, 84.75, 83.37, 83.23, 82.38, 84.6, 86.43, 81.97, 87.14, 86.39, 86.78, 87.17, 86.37, 86.02, 87.3, 86.86, 86.09, 86.06, 84.24, 87.54, 84.46, 85.72, 86.95, 85.54, 84.34, 86.9, 88.13, 88.25, 85.9, 87.92, 86.97, 86.84, 89.53, 88.11, 87.16, 87.65, 86.14, 85.11, 87.42, 87.28, 89.94, 88.27, 89.0, 88.09, 88.41, 86.52, 89.74, 89.84, 88.34, 89.23, 88.08, 88.29, 89.33, 87.74, 89.52, 88.42, 89.54, 89.77, 90.12, 89.73, 89.96, 89.15, 89.45, 90.06, 90.2, 90.16, 91.18, 89.0, 89.48, 90.43, 90.63, 90.17, 91.08, 90.84, 89.97, 90.34, 89.49, 90.03, 91.18, 91.37, 90.73, 91.7, 91.45, 91.36, 90.81, 90.18, 91.91, 90.93, 91.63, 92.12, 92.08, 92.31, 90.88, 91.96, 92.62, 91.32, 90.96, 91.59, 91.08, 92.89, 91.98, 90.3, 92.86, 92.5, 92.4, 92.21, 92.48, 92.66, 92.29, 92.74, 93.27, 92.87, 92.96, 92.9, 93.43, 93.36, 93.18, 93.31, 93.42, 93.55, 93.33, 93.83, 93.59, 93.69, 93.7, 93.59, 93.99, 94.07, 94.06, 93.9, 94.53, 94.0, 94.41, 94.9, 94.65, 94.3, 94.44, 94.8, 94.78, 95.0, 95.06, 95.2, 95.4, 95.13, 95.45, 95.13, 95.24, 95.29, 95.3, 95.36, 95.59, 95.46, 95.37, 95.5, 95.65, 95.47, 95.42, 95.78, 95.77, 95.74, 95.74, 95.76, 95.74, 95.75, 95.77, 95.95, 95.99, 95.89, 96.07, 95.93, 95.94, 95.97, 96.06, 95.99, 95.92, 95.9, 96.04, 95.99, 96.08, 96.03, 95.92, 95.99, 95.99, 96.0, 96.1, 95.93, 95.98], "profiles": [{"epoch": 1, "cka": [0.6005, 0.4067, 0.1965, 0.3318], "grad_phi": [0.3995, 0.1938, 0.2102, -0.1352], "phi": [0.3995, 0.5933, 0.8035, 0.6682]}, {"epoch": 20, "cka": [0.5182, 0.4478, 0.3917, 0.3081], "grad_phi": [0.4818, 0.0705, 0.0561, 0.0836], "phi": [0.4818, 0.5522, 0.6083, 0.6919]}, {"epoch": 40, "cka": [0.5981, 0.4258, 0.3145, 0.271], "grad_phi": [0.4019, 0.1723, 0.1113, 0.0434], "phi": [0.4019, 0.5742, 0.6855, 0.729]}, {"epoch": 60, "cka": [0.5538, 0.4626, 0.3571, 0.2434], "grad_phi": [0.4462, 0.0913, 0.1055, 0.1137], "phi": [0.4462, 0.5374, 0.6429, 0.7566]}, {"epoch": 80, "cka": [0.6678, 0.4565, 0.3266, 0.2287], "grad_phi": [0.3322, 0.2113, 0.1299, 0.0979], "phi": [0.3322, 0.5435, 0.6734, 0.7713]}, {"epoch": 100, "cka": [0.7022, 0.5225, 0.3677, 0.2422], "grad_phi": [0.2978, 0.1797, 0.1549, 0.1255], "phi": [0.2978, 0.4775, 0.6323, 0.7578]}, {"epoch": 120, "cka": [0.7115, 0.5016, 0.3342, 0.24], "grad_phi": [0.2885, 0.2099, 0.1674, 0.0941], "phi": [0.2885, 0.4984, 0.6658, 0.76]}, {"epoch": 140, "cka": [0.6976, 0.4974, 0.3349, 0.2478], "grad_phi": [0.3024, 0.2002, 0.1624, 0.0871], "phi": [0.3024, 0.5026, 0.6651, 0.7522]}, {"epoch": 160, "cka": [0.7474, 0.5392, 0.3312, 0.2333], "grad_phi": [0.2526, 0.2082, 0.208, 0.0979], "phi": [0.2526, 0.4608, 0.6688, 0.7667]}, {"epoch": 180, "cka": [0.7698, 0.583, 0.3552, 0.2388], "grad_phi": [0.2302, 0.1868, 0.2278, 0.1164], "phi": [0.2302, 0.417, 0.6448, 0.7612]}, {"epoch": 200, "cka": [0.7898, 0.5958, 0.3568, 0.2368], "grad_phi": [0.2102, 0.194, 0.2391, 0.12], "phi": [0.2102, 0.4042, 0.6432, 0.7632]}]}