{"method": "sam", "seed": 46, "cfg": {"lr": 0.1, "momentum": 0.9, "weight_decay": 0.0005, "epochs": 200, "batch_size": 128, "use_sam": true, "rho": 0.05, "lam_base": 0.0, "lam_sign": 0}, "train_loss": [2.19489, 1.58825, 1.29451, 1.0548, 0.89084, 0.76124, 0.65795, 0.58911, 0.5453, 0.51366, 0.48895, 0.4661, 0.44953, 0.43377, 0.41112, 0.40398, 0.39219, 0.38665, 0.37329, 0.36724, 0.35703, 0.35104, 0.3474, 0.34456, 0.33666, 0.32809, 0.3276, 0.32096, 0.31669, 0.31874, 0.30855, 0.30513, 0.30303, 0.30059, 0.29377, 0.29531, 0.28994, 0.28806, 0.28891, 0.29212, 0.2765, 0.28352, 0.27229, 0.2729, 0.2711, 0.26722, 0.26793, 0.26361, 0.26113, 0.2643, 0.25356, 0.25576, 0.25532, 0.24754, 0.25221, 0.24481, 0.24826, 0.2422, 0.24214, 0.23734, 0.23584, 0.23386, 0.23594, 0.2316, 0.22669, 0.22798, 0.22354, 0.21702, 0.21689, 0.21292, 0.21434, 0.21222, 0.20759, 0.20924, 0.20368, 0.20354, 0.20153, 0.19614, 0.19382, 0.18955, 0.19074, 0.187, 0.18352, 0.18569, 0.18205, 0.18329, 0.17916, 0.17648, 0.16772, 0.17215, 0.16798, 0.15719, 0.16207, 0.15519, 0.161, 0.15485, 0.15006, 0.1512, 0.14379, 0.1421, 0.13837, 0.14003, 0.13381, 0.13274, 0.13357, 0.12812, 0.1212, 0.12417, 0.11861, 0.11397, 0.11507, 0.11056, 0.10953, 0.11069, 0.10133, 0.1, 0.09682, 0.0933, 0.09544, 0.09112, 0.0892, 0.08458, 0.0824, 0.07811, 0.07834, 0.0732, 0.0692, 0.06507, 0.0686, 0.06634, 0.05923, 0.05871, 0.05657, 0.05653, 0.05108, 0.04787, 0.04728, 0.04429, 0.04397, 0.0411, 0.03885, 0.03691, 0.03536, 0.03312, 0.03258, 0.02983, 0.02722, 0.02632, 0.02606, 0.02434, 0.02302, 0.02064, 0.02023, 0.01909, 0.01816, 0.01569, 0.01494, 0.01426, 0.01392, 0.01266, 0.01163, 0.01131, 0.00963, 0.00917, 0.00907, 0.00815, 0.00817, 0.00758, 0.00675, 0.00643, 0.00597, 0.00573, 0.00525, 0.00493, 0.00442, 0.00439, 0.00409, 0.0038, 0.00361, 0.00352, 0.00348, 0.00331, 0.00313, 0.00301, 0.00286, 0.00275, 0.00267, 0.00258, 0.00259, 0.00246, 0.00245, 0.00237, 0.00239, 0.00233, 0.0023, 0.00234, 0.00232, 0.0023, 0.00228, 0.00227], "test_acc": [31.07, 48.93, 52.69, 66.15, 68.77, 74.77, 72.77, 78.63, 78.13, 78.12, 80.1, 81.16, 81.85, 81.19, 84.3, 83.72, 83.96, 85.11, 85.16, 84.58, 83.69, 83.66, 85.66, 86.77, 84.9, 84.55, 86.35, 84.65, 86.28, 87.46, 87.27, 87.94, 84.26, 86.85, 86.24, 86.46, 87.13, 84.66, 87.5, 86.8, 88.3, 89.04, 87.24, 86.76, 89.74, 87.48, 88.74, 88.94, 87.83, 88.79, 88.7, 88.77, 86.48, 89.16, 86.68, 86.66, 87.81, 87.35, 87.82, 89.76, 88.01, 89.42, 88.51, 88.29, 89.06, 85.29, 89.98, 89.89, 88.26, 88.67, 90.39, 89.81, 88.75, 88.8, 89.8, 90.25, 89.43, 88.99, 90.09, 87.9, 88.71, 89.53, 90.16, 90.42, 89.78, 90.68, 90.31, 89.8, 91.22, 89.91, 91.84, 91.66, 90.65, 90.78, 91.64, 90.04, 90.8, 91.43, 92.38, 92.02, 91.84, 91.34, 91.3, 92.32, 91.76, 91.91, 92.25, 91.39, 91.95, 92.12, 92.06, 90.39, 91.24, 91.41, 92.86, 92.32, 93.04, 92.61, 93.19, 92.87, 92.56, 92.78, 93.37, 93.42, 93.57, 93.22, 93.17, 92.38, 93.12, 93.65, 92.82, 93.24, 93.21, 93.7, 93.74, 93.84, 93.31, 93.8, 93.72, 94.15, 94.2, 94.17, 94.43, 94.67, 94.48, 94.56, 94.23, 94.47, 94.68, 94.74, 94.98, 94.7, 94.93, 95.11, 94.98, 94.83, 95.16, 95.43, 95.18, 95.34, 95.27, 95.35, 95.43, 95.38, 95.44, 95.59, 95.53, 95.55, 95.85, 95.71, 95.85, 95.92, 95.79, 95.8, 95.88, 95.86, 95.9, 95.97, 96.11, 95.99, 96.04, 96.13, 96.1, 96.13, 96.11, 96.14, 96.18, 96.2, 96.16, 96.21, 96.14, 96.24, 96.16, 96.14, 96.19, 96.21, 96.22, 96.2, 96.17, 96.22], "profiles": []}