{"method": "sam", "seed": 42, "cfg": {"lr": 0.1, "momentum": 0.9, "weight_decay": 0.0005, "epochs": 200, "batch_size": 128, "use_sam": true, "rho": 0.05, "lam_base": 0.0, "lam_sign": 0}, "train_loss": [2.1237, 1.57315, 1.32718, 1.06487, 0.86518, 0.72206, 0.64044, 0.58215, 0.53549, 0.50546, 0.48359, 0.4675, 0.44859, 0.42853, 0.4193, 0.40665, 0.3924, 0.38225, 0.38004, 0.36805, 0.36181, 0.35372, 0.35623, 0.34022, 0.34016, 0.33602, 0.32664, 0.32608, 0.31891, 0.31629, 0.31232, 0.31265, 0.30905, 0.30326, 0.30005, 0.30026, 0.29294, 0.29506, 0.28318, 0.28699, 0.29227, 0.27715, 0.27486, 0.27528, 0.27831, 0.27276, 0.27127, 0.26742, 0.26692, 0.26348, 0.2611, 0.25733, 0.25598, 0.24895, 0.25052, 0.2493, 0.24745, 0.2425, 0.24187, 0.24095, 0.2433, 0.23566, 0.23246, 0.23326, 0.22867, 0.22895, 0.22286, 0.22428, 0.22182, 0.21987, 0.21948, 0.21164, 0.21516, 0.20696, 0.21432, 0.20249, 0.19972, 0.19828, 0.19743, 0.19622, 0.19188, 0.18973, 0.18868, 0.18567, 0.1848, 0.18063, 0.18141, 0.18014, 0.17362, 0.16958, 0.16761, 0.16637, 0.16184, 0.16451, 0.15746, 0.15684, 0.15419, 0.14861, 0.15114, 0.14156, 0.14517, 0.13802, 0.13932, 0.13124, 0.1335, 0.1292, 0.12555, 0.12164, 0.11996, 0.11888, 0.1176, 0.11422, 0.10911, 0.10754, 0.10411, 0.1004, 0.09879, 0.0949, 0.09657, 0.09112, 0.08783, 0.08198, 0.08329, 0.08187, 0.0778, 0.0752, 0.07203, 0.06973, 0.06735, 0.0642, 0.06162, 0.05903, 0.05604, 0.0555, 0.05533, 0.05072, 0.04722, 0.04461, 0.04396, 0.04083, 0.03782, 0.0383, 0.03687, 0.03417, 0.0323, 0.03136, 0.02824, 0.02803, 0.02483, 0.02341, 0.02327, 0.02157, 0.01999, 0.01954, 0.01769, 0.01699, 0.0146, 0.01343, 0.01356, 0.01262, 0.01163, 0.01095, 0.01041, 0.01048, 0.00896, 0.00819, 0.00797, 0.00731, 0.00661, 0.00597, 0.00608, 0.00553, 0.00527, 0.00488, 0.0046, 0.00465, 0.00433, 0.00399, 0.00405, 0.00364, 0.00334, 0.0033, 0.00313, 0.00311, 0.00292, 0.00282, 0.00272, 0.00267, 0.0027, 0.00255, 0.00254, 0.00249, 0.00244, 0.0024, 0.00241, 0.00237, 0.00238, 0.00234, 0.00232, 0.00233], "test_acc": [38.95, 48.62, 53.93, 65.08, 71.14, 74.41, 77.78, 79.21, 80.38, 81.8, 82.49, 77.75, 83.86, 83.54, 81.89, 83.76, 83.64, 78.65, 85.84, 83.93, 86.1, 85.57, 85.91, 85.37, 86.77, 84.14, 86.44, 83.17, 87.14, 85.76, 86.09, 86.17, 87.56, 88.09, 86.98, 86.54, 87.52, 86.97, 85.01, 86.94, 88.75, 87.88, 87.62, 87.66, 87.55, 88.01, 87.59, 87.39, 88.49, 87.05, 87.18, 87.94, 88.59, 86.64, 88.67, 89.09, 86.71, 87.85, 89.48, 87.68, 89.7, 89.2, 88.78, 90.14, 88.9, 89.03, 90.18, 90.15, 89.68, 88.55, 88.86, 88.41, 89.43, 89.77, 90.24, 90.44, 90.68, 89.97, 91.01, 89.61, 90.83, 88.83, 90.15, 90.14, 88.81, 90.2, 91.01, 90.71, 90.72, 90.91, 91.94, 90.2, 90.94, 90.72, 91.2, 90.5, 90.7, 91.46, 91.43, 90.73, 91.58, 91.75, 90.22, 91.45, 91.6, 91.55, 90.72, 92.1, 91.79, 92.69, 92.2, 92.65, 91.98, 92.3, 93.12, 92.46, 91.57, 91.19, 92.93, 92.53, 92.49, 91.95, 92.68, 93.23, 92.93, 93.48, 93.01, 93.31, 93.11, 93.6, 93.12, 93.25, 93.99, 92.99, 92.94, 93.52, 93.99, 93.81, 93.91, 93.72, 94.11, 93.66, 94.29, 94.19, 94.17, 94.46, 94.38, 94.38, 94.34, 94.43, 94.58, 94.64, 94.65, 94.9, 94.88, 94.85, 94.92, 95.04, 95.11, 94.94, 95.2, 95.19, 95.02, 95.35, 95.33, 95.78, 95.36, 95.38, 95.5, 95.59, 95.5, 95.69, 95.83, 95.72, 95.84, 95.8, 95.89, 95.75, 95.81, 95.97, 96.07, 95.84, 96.08, 95.99, 95.93, 96.16, 96.11, 96.01, 96.03, 96.12, 96.16, 96.11, 96.11, 96.09, 96.13, 96.19, 96.11, 96.18, 96.22, 96.1], "profiles": []}