{"method": "sam", "seed": 45, "cfg": {"lr": 0.1, "momentum": 0.9, "weight_decay": 0.0005, "epochs": 200, "batch_size": 128, "use_sam": true, "rho": 0.05, "lam_base": 0.0, "lam_sign": 0}, "train_loss": [2.17049, 1.62314, 1.32086, 1.04434, 0.86485, 0.71476, 0.61928, 0.5708, 0.52947, 0.49659, 0.47111, 0.45305, 0.4325, 0.41426, 0.40556, 0.3919, 0.38407, 0.37467, 0.3662, 0.35818, 0.35182, 0.34554, 0.33985, 0.33353, 0.33003, 0.32123, 0.3232, 0.30876, 0.31085, 0.3071, 0.2993, 0.30269, 0.29649, 0.29855, 0.28635, 0.28863, 0.28272, 0.28625, 0.28353, 0.2761, 0.27475, 0.27119, 0.26939, 0.27032, 0.26538, 0.26305, 0.26159, 0.25667, 0.26223, 0.25429, 0.25457, 0.25157, 0.2504, 0.24732, 0.24533, 0.24319, 0.2385, 0.23683, 0.24209, 0.23849, 0.23455, 0.22944, 0.22714, 0.22982, 0.22346, 0.22376, 0.21917, 0.21873, 0.2194, 0.21252, 0.21109, 0.20953, 0.20752, 0.20695, 0.2029, 0.20035, 0.20007, 0.19584, 0.19156, 0.18906, 0.18941, 0.19162, 0.18011, 0.18311, 0.17637, 0.17867, 0.17318, 0.17729, 0.16902, 0.16904, 0.16262, 0.16731, 0.16038, 0.15988, 0.15442, 0.15525, 0.15277, 0.15056, 0.14432, 0.14041, 0.13724, 0.13839, 0.13703, 0.13362, 0.13352, 0.12797, 0.12209, 0.12208, 0.12026, 0.11899, 0.11306, 0.11252, 0.11128, 0.10438, 0.10406, 0.10257, 0.09746, 0.09793, 0.09312, 0.0889, 0.08809, 0.08445, 0.08181, 0.07871, 0.07891, 0.07522, 0.07287, 0.06901, 0.06768, 0.06458, 0.0618, 0.06155, 0.06122, 0.0548, 0.0539, 0.05038, 0.04773, 0.04558, 0.04401, 0.04149, 0.03812, 0.03671, 0.03504, 0.03576, 0.03263, 0.03019, 0.02928, 0.02619, 0.02558, 0.02512, 0.02384, 0.02146, 0.02024, 0.01894, 0.01781, 0.01614, 0.01512, 0.01503, 0.01306, 0.01247, 0.01185, 0.0108, 0.00997, 0.01039, 0.00913, 0.00834, 0.00782, 0.00762, 0.00666, 0.00675, 0.00607, 0.00535, 0.00531, 0.00514, 0.0046, 0.00437, 0.00409, 0.0038, 0.00362, 0.0035, 0.00331, 0.003, 0.00293, 0.00285, 0.00275, 0.00266, 0.00254, 0.00252, 0.00241, 0.00238, 0.00236, 0.00226, 0.00224, 0.00226, 0.00222, 0.00219, 0.00215, 0.00217, 0.00214, 0.00219], "test_acc": [33.78, 47.69, 54.83, 65.21, 67.57, 74.61, 79.94, 77.77, 79.14, 83.51, 81.37, 81.84, 81.78, 79.89, 83.42, 83.15, 84.99, 81.01, 83.9, 85.52, 83.68, 82.65, 83.05, 85.67, 86.05, 86.87, 86.32, 87.89, 86.66, 83.95, 88.32, 86.81, 86.22, 84.61, 87.24, 87.09, 85.19, 86.95, 87.49, 88.97, 87.8, 88.78, 88.54, 88.8, 88.22, 87.01, 88.08, 86.92, 85.13, 88.97, 89.06, 87.98, 88.34, 86.48, 89.36, 88.68, 88.22, 86.91, 88.65, 88.96, 88.11, 87.66, 87.73, 88.84, 87.8, 87.58, 87.98, 88.77, 89.02, 89.99, 89.17, 89.49, 90.05, 90.04, 90.34, 90.51, 87.95, 90.3, 87.63, 89.81, 90.54, 90.94, 90.51, 90.05, 89.49, 91.31, 91.54, 88.18, 90.49, 90.74, 90.84, 91.62, 90.43, 90.13, 90.5, 89.52, 91.74, 90.5, 91.12, 91.65, 90.75, 90.52, 91.85, 91.74, 92.06, 92.41, 91.73, 91.77, 91.22, 91.9, 91.49, 91.29, 92.82, 91.4, 91.26, 91.94, 91.87, 91.42, 92.28, 92.41, 92.52, 92.61, 92.55, 93.0, 92.99, 92.79, 92.34, 93.23, 93.42, 92.9, 93.32, 93.55, 93.24, 93.53, 93.45, 93.63, 93.64, 93.73, 93.53, 93.29, 94.09, 93.97, 94.39, 93.75, 94.02, 93.79, 93.75, 94.28, 94.35, 94.3, 94.55, 94.57, 94.28, 94.49, 94.51, 94.63, 94.96, 94.78, 94.8, 95.14, 95.04, 95.12, 95.15, 95.16, 95.29, 95.24, 95.36, 95.23, 95.26, 95.53, 95.37, 95.51, 95.61, 95.66, 95.62, 95.56, 95.64, 95.67, 95.71, 95.75, 95.74, 95.8, 95.85, 95.91, 95.84, 95.89, 95.9, 95.88, 95.98, 95.87, 95.97, 95.96, 95.84, 95.98, 96.05, 96.04, 95.98, 96.01, 96.07, 95.97], "profiles": []}