{"method": "sam", "seed": 43, "cfg": {"lr": 0.1, "momentum": 0.9, "weight_decay": 0.0005, "epochs": 200, "batch_size": 128, "use_sam": true, "rho": 0.05, "lam_base": 0.0, "lam_sign": 0}, "train_loss": [2.22158, 1.63169, 1.30393, 1.04343, 0.86441, 0.71563, 0.62427, 0.56741, 0.52514, 0.49365, 0.46696, 0.44786, 0.42871, 0.42066, 0.39956, 0.38476, 0.37819, 0.36455, 0.36646, 0.36003, 0.34375, 0.34273, 0.34, 0.3362, 0.33197, 0.32287, 0.32081, 0.31407, 0.31423, 0.30969, 0.30242, 0.29793, 0.3031, 0.29444, 0.29321, 0.28883, 0.29099, 0.28141, 0.2843, 0.28192, 0.27124, 0.27768, 0.27346, 0.27682, 0.26958, 0.26053, 0.26763, 0.26285, 0.26013, 0.2553, 0.25505, 0.2547, 0.24808, 0.2466, 0.24492, 0.24668, 0.24055, 0.24078, 0.24045, 0.23708, 0.23737, 0.23095, 0.23175, 0.23112, 0.22477, 0.22463, 0.22255, 0.21833, 0.21559, 0.21431, 0.21222, 0.20955, 0.20493, 0.20831, 0.20487, 0.20251, 0.19853, 0.19635, 0.19872, 0.19221, 0.19181, 0.1873, 0.18785, 0.18058, 0.17891, 0.18251, 0.17494, 0.16917, 0.17191, 0.16498, 0.17119, 0.16305, 0.1621, 0.15825, 0.15559, 0.15268, 0.15622, 0.14655, 0.14938, 0.14129, 0.14016, 0.13646, 0.1372, 0.13414, 0.13195, 0.12707, 0.12293, 0.12254, 0.11923, 0.11449, 0.1145, 0.11286, 0.10574, 0.10515, 0.10394, 0.09923, 0.10099, 0.09697, 0.08972, 0.08988, 0.08845, 0.08473, 0.08379, 0.07857, 0.07743, 0.07738, 0.0723, 0.07231, 0.06523, 0.06393, 0.06267, 0.05933, 0.05777, 0.05623, 0.0509, 0.05392, 0.0477, 0.046, 0.04413, 0.04101, 0.03927, 0.03859, 0.03495, 0.03237, 0.03157, 0.02993, 0.02853, 0.0268, 0.02453, 0.02425, 0.02274, 0.02145, 0.01926, 0.01926, 0.01776, 0.01699, 0.01479, 0.01464, 0.01324, 0.01255, 0.0115, 0.01129, 0.01033, 0.00917, 0.00892, 0.00827, 0.00781, 0.00738, 0.00671, 0.00624, 0.00593, 0.00554, 0.00516, 0.00493, 0.0046, 0.00434, 0.00405, 0.00389, 0.00349, 0.00339, 0.0032, 0.00307, 0.00288, 0.00275, 0.00267, 0.00264, 0.00252, 0.00246, 0.00246, 0.00238, 0.00233, 0.00231, 0.00226, 0.00225, 0.00226, 0.00218, 0.00215, 0.00219, 0.0022, 0.00223], "test_acc": [32.61, 47.37, 57.54, 62.8, 73.26, 73.42, 75.74, 78.1, 78.66, 81.15, 81.78, 81.07, 78.2, 81.1, 82.56, 82.99, 83.51, 83.02, 85.52, 85.38, 81.35, 81.18, 82.48, 85.77, 85.86, 85.68, 84.56, 87.03, 86.5, 86.29, 88.17, 86.71, 85.31, 87.01, 84.64, 85.99, 88.15, 87.03, 87.61, 86.84, 88.09, 86.13, 86.68, 87.88, 86.86, 88.0, 86.24, 86.97, 88.23, 87.98, 88.43, 88.52, 87.77, 88.98, 87.55, 88.54, 89.31, 87.38, 90.27, 89.72, 87.12, 88.3, 87.82, 89.85, 89.22, 87.89, 89.38, 89.46, 89.99, 89.69, 89.2, 88.1, 89.23, 89.78, 89.17, 90.37, 90.75, 87.53, 89.96, 88.92, 90.47, 89.61, 90.63, 89.8, 91.26, 90.67, 90.98, 91.09, 90.42, 91.83, 90.71, 90.95, 90.53, 90.54, 91.07, 91.74, 91.17, 91.58, 91.2, 91.41, 91.81, 91.39, 91.03, 90.66, 91.93, 91.84, 92.26, 92.53, 92.16, 92.13, 91.16, 91.94, 92.34, 92.73, 91.13, 91.95, 92.54, 91.66, 92.7, 92.24, 92.26, 92.76, 92.79, 93.05, 93.85, 92.65, 93.05, 93.45, 93.09, 92.91, 93.47, 93.53, 93.78, 93.49, 93.96, 93.96, 94.05, 93.97, 94.06, 93.9, 94.07, 94.42, 94.09, 94.1, 94.68, 94.5, 94.18, 94.55, 94.2, 94.65, 94.68, 94.67, 94.93, 94.67, 94.91, 94.93, 94.91, 95.11, 95.07, 95.19, 95.23, 95.19, 95.37, 95.24, 95.56, 95.31, 95.4, 95.55, 95.48, 95.69, 95.8, 95.89, 95.8, 95.88, 95.59, 95.89, 95.69, 95.81, 95.82, 96.05, 95.85, 96.03, 95.79, 96.02, 95.84, 95.97, 95.94, 96.12, 96.05, 95.98, 96.05, 96.0, 96.03, 95.91, 96.04, 95.99, 95.99, 95.93, 96.06, 95.99], "profiles": []}