{"method": "sam", "seed": 44, "cfg": {"lr": 0.1, "momentum": 0.9, "weight_decay": 0.0005, "epochs": 200, "batch_size": 128, "use_sam": true, "rho": 0.05, "lam_base": 0.0, "lam_sign": 0}, "train_loss": [2.02788, 1.52004, 1.19612, 0.95372, 0.77884, 0.66434, 0.5898, 0.54388, 0.50498, 0.4806, 0.45483, 0.43948, 0.42844, 0.4147, 0.40068, 0.38232, 0.38134, 0.36643, 0.36235, 0.35205, 0.34843, 0.33905, 0.33671, 0.32775, 0.32462, 0.31667, 0.31791, 0.31959, 0.30689, 0.3034, 0.30173, 0.30477, 0.29618, 0.29014, 0.28967, 0.28336, 0.28385, 0.2798, 0.28081, 0.27906, 0.2795, 0.27369, 0.27136, 0.27164, 0.26706, 0.26205, 0.26261, 0.25696, 0.2618, 0.25386, 0.2521, 0.25314, 0.24378, 0.24648, 0.24803, 0.24295, 0.24005, 0.23664, 0.23637, 0.23436, 0.2298, 0.23018, 0.22405, 0.22825, 0.22666, 0.22366, 0.21827, 0.21741, 0.21188, 0.21303, 0.21158, 0.20854, 0.20585, 0.20473, 0.20219, 0.1964, 0.19754, 0.19407, 0.19222, 0.19069, 0.18714, 0.18354, 0.18672, 0.18077, 0.18364, 0.17812, 0.17536, 0.17011, 0.16974, 0.16481, 0.16266, 0.16142, 0.16036, 0.15939, 0.15218, 0.15408, 0.15005, 0.1489, 0.14805, 0.14006, 0.13968, 0.1376, 0.13603, 0.13405, 0.12758, 0.12576, 0.12217, 0.12026, 0.11805, 0.11934, 0.11349, 0.11074, 0.10763, 0.10583, 0.09998, 0.10008, 0.09718, 0.09556, 0.09364, 0.08938, 0.08693, 0.08433, 0.08006, 0.07986, 0.07698, 0.07278, 0.0734, 0.06953, 0.066, 0.06186, 0.06125, 0.06008, 0.0573, 0.05541, 0.05005, 0.05007, 0.04831, 0.04542, 0.04432, 0.04131, 0.03843, 0.03794, 0.03515, 0.03294, 0.03033, 0.0302, 0.02632, 0.02681, 0.02661, 0.02304, 0.02233, 0.022, 0.02063, 0.01874, 0.01691, 0.0163, 0.015, 0.01528, 0.01324, 0.01283, 0.01183, 0.01077, 0.01011, 0.00939, 0.00931, 0.00842, 0.00757, 0.00754, 0.007, 0.0066, 0.00604, 0.00575, 0.00523, 0.00512, 0.00489, 0.00459, 0.00406, 0.00386, 0.00371, 0.00361, 0.00334, 0.00328, 0.00309, 0.00293, 0.00286, 0.00281, 0.00272, 0.00273, 0.00259, 0.00255, 0.00256, 0.0025, 0.00247, 0.0024, 0.00242, 0.0024, 0.00234, 0.00236, 0.00239, 0.00233], "test_acc": [38.78, 51.14, 61.42, 69.03, 72.93, 76.96, 73.88, 80.18, 81.13, 76.26, 80.26, 82.65, 82.59, 80.43, 83.71, 83.17, 81.88, 81.69, 81.48, 85.27, 86.43, 87.26, 83.75, 86.36, 86.29, 85.75, 87.1, 88.51, 85.89, 88.7, 86.82, 86.63, 86.33, 86.83, 87.01, 83.51, 88.17, 85.79, 84.07, 88.06, 86.28, 87.11, 86.69, 87.07, 87.99, 88.71, 88.71, 87.71, 86.61, 87.95, 87.62, 87.88, 87.67, 87.1, 88.26, 88.24, 89.14, 88.77, 89.9, 87.66, 88.93, 89.47, 88.44, 90.32, 88.74, 90.42, 89.05, 89.32, 87.67, 89.48, 87.85, 88.86, 89.12, 88.73, 89.23, 89.96, 89.59, 90.11, 87.7, 90.48, 91.09, 89.13, 91.65, 90.03, 90.39, 90.11, 91.13, 89.36, 91.02, 91.38, 91.46, 91.72, 90.37, 91.09, 91.23, 91.47, 91.34, 90.73, 92.53, 92.0, 91.52, 91.96, 90.49, 91.12, 92.07, 92.1, 92.32, 91.75, 92.61, 91.91, 91.35, 93.0, 91.7, 91.7, 92.61, 91.6, 91.74, 92.21, 92.77, 92.86, 92.98, 93.41, 92.67, 93.19, 92.7, 93.63, 93.04, 91.88, 92.67, 93.48, 93.18, 92.65, 93.36, 93.84, 94.15, 93.89, 94.01, 94.37, 94.08, 93.89, 93.8, 94.09, 94.44, 94.36, 93.99, 94.25, 94.43, 94.62, 94.52, 94.52, 94.35, 94.81, 94.9, 94.79, 95.04, 94.9, 94.95, 95.25, 94.87, 95.17, 94.89, 95.37, 95.03, 95.32, 95.13, 95.35, 95.26, 95.27, 95.55, 95.67, 95.58, 95.57, 95.61, 95.64, 95.88, 95.67, 95.75, 95.7, 95.73, 95.88, 95.91, 95.87, 95.91, 95.81, 96.0, 95.94, 95.95, 95.97, 96.01, 95.95, 96.0, 95.96, 96.04, 96.08, 96.04, 96.05, 95.99, 96.01, 95.98, 95.99], "profiles": []}