{"method": "sgd", "seed": 42, "cfg": {"lr": 0.1, "momentum": 0.9, "weight_decay": 0.0005, "epochs": 200, "batch_size": 128, "use_sam": false, "rho": 0.0, "lam_base": 0.0, "lam_sign": 0}, "train_loss": [2.08701, 1.54388, 1.27482, 0.99849, 0.80215, 0.67983, 0.61197, 0.56481, 0.53233, 0.51023, 0.48872, 0.47321, 0.45457, 0.44241, 0.43453, 0.42086, 0.40958, 0.40573, 0.39805, 0.39204, 0.38661, 0.37704, 0.38122, 0.36973, 0.3662, 0.36557, 0.35975, 0.35682, 0.35225, 0.34704, 0.34673, 0.3441, 0.33827, 0.33548, 0.3338, 0.33064, 0.32608, 0.33128, 0.31755, 0.32644, 0.33077, 0.31702, 0.31332, 0.30819, 0.31314, 0.31628, 0.30677, 0.31037, 0.30621, 0.30123, 0.30442, 0.29814, 0.29399, 0.29574, 0.28668, 0.29529, 0.2884, 0.28559, 0.28341, 0.28039, 0.28067, 0.27821, 0.27228, 0.27213, 0.27173, 0.26935, 0.26363, 0.2643, 0.26449, 0.26051, 0.25911, 0.2569, 0.25417, 0.25439, 0.2562, 0.2443, 0.24513, 0.24003, 0.24058, 0.23931, 0.23193, 0.23546, 0.23235, 0.23229, 0.22789, 0.22598, 0.22432, 0.22681, 0.21569, 0.21846, 0.2132, 0.21169, 0.20725, 0.20517, 0.20548, 0.19814, 0.20151, 0.19545, 0.19328, 0.18833, 0.18934, 0.18309, 0.1853, 0.17718, 0.1738, 0.17281, 0.17057, 0.16879, 0.16558, 0.1672, 0.16135, 0.15765, 0.15163, 0.14807, 0.14661, 0.13946, 0.14027, 0.14422, 0.13728, 0.13256, 0.12981, 0.12393, 0.13469, 0.12271, 0.12034, 0.11274, 0.11348, 0.10691, 0.10914, 0.10715, 0.09676, 0.09933, 0.09493, 0.09338, 0.08471, 0.08513, 0.08254, 0.08021, 0.07819, 0.0699, 0.0723, 0.07333, 0.06245, 0.06397, 0.05712, 0.06007, 0.05268, 0.05002, 0.04432, 0.0428, 0.04314, 0.03999, 0.042, 0.03493, 0.03503, 0.02976, 0.02938, 0.0242, 0.02328, 0.01927, 0.0188, 0.01658, 0.01624, 0.01342, 0.00995, 0.00963, 0.00811, 0.00872, 0.00508, 0.00431, 0.00439, 0.00355, 0.00322, 0.00255, 0.00279, 0.00248, 0.00243, 0.0023, 0.00223, 0.00211, 0.00191, 0.00195, 0.00185, 0.00181, 0.00181, 0.00202, 0.00185, 0.0017, 0.00203, 0.00166, 0.0018, 0.00175, 0.00172, 0.0018, 0.0017, 0.00167, 0.00171, 0.00169, 0.00169, 0.00173], "test_acc": [35.97, 46.41, 57.33, 70.94, 72.06, 76.85, 76.94, 77.17, 72.42, 78.74, 77.22, 75.29, 78.53, 81.31, 76.59, 79.86, 80.55, 76.54, 85.2, 81.17, 82.17, 79.05, 79.44, 83.43, 82.98, 83.07, 80.15, 82.48, 84.94, 83.69, 81.71, 82.77, 84.2, 83.83, 82.65, 82.5, 85.18, 86.46, 85.63, 85.57, 82.78, 79.91, 85.81, 82.68, 85.13, 83.58, 82.81, 82.92, 85.1, 86.44, 85.61, 84.47, 84.68, 84.88, 86.55, 85.76, 85.94, 82.33, 84.15, 84.51, 84.81, 86.67, 84.17, 86.56, 78.45, 87.4, 87.55, 86.46, 87.73, 85.64, 86.03, 87.91, 86.78, 86.22, 87.47, 88.1, 84.34, 86.3, 88.41, 88.98, 87.17, 86.17, 86.25, 87.33, 85.68, 87.29, 88.58, 90.31, 88.3, 87.81, 85.28, 88.67, 88.9, 88.11, 86.53, 89.21, 88.08, 89.35, 88.58, 88.89, 88.25, 89.2, 88.37, 88.21, 87.22, 89.54, 88.8, 87.46, 89.58, 90.15, 90.08, 90.8, 89.75, 89.37, 91.34, 90.25, 90.48, 89.72, 90.61, 90.72, 90.67, 90.34, 89.22, 90.58, 90.02, 91.3, 91.19, 90.65, 91.65, 92.32, 91.5, 90.2, 91.16, 91.43, 91.16, 91.77, 91.65, 91.79, 92.27, 91.55, 91.16, 91.8, 91.38, 92.81, 92.15, 92.78, 93.19, 92.86, 92.45, 92.26, 92.89, 92.88, 92.77, 93.13, 92.73, 93.2, 92.95, 93.23, 93.45, 93.43, 94.19, 94.27, 94.09, 94.15, 94.33, 94.43, 94.45, 94.7, 94.96, 94.99, 94.91, 95.14, 95.17, 95.23, 95.37, 95.14, 95.3, 95.39, 95.37, 95.47, 95.36, 95.56, 95.51, 95.65, 95.5, 95.5, 95.46, 95.51, 95.56, 95.5, 95.56, 95.53, 95.54, 95.45, 95.55, 95.55, 95.61, 95.72, 95.58, 95.56], "profiles": []}