{"method": "sgd", "seed": 45, "cfg": {"lr": 0.1, "momentum": 0.9, "weight_decay": 0.0005, "epochs": 200, "batch_size": 128, "use_sam": false, "rho": 0.0, "lam_base": 0.0, "lam_sign": 0}, "train_loss": [1.94681, 1.31388, 0.99613, 0.80155, 0.6848, 0.59928, 0.54532, 0.517, 0.49279, 0.47036, 0.45764, 0.44164, 0.43025, 0.4167, 0.41517, 0.40519, 0.39667, 0.39273, 0.3832, 0.38233, 0.3767, 0.36971, 0.36615, 0.36035, 0.3567, 0.35449, 0.35024, 0.34719, 0.34093, 0.34017, 0.33356, 0.34241, 0.33108, 0.33245, 0.32848, 0.3293, 0.32461, 0.32531, 0.32036, 0.31711, 0.31455, 0.31219, 0.31482, 0.31049, 0.30715, 0.30744, 0.3041, 0.3, 0.30427, 0.30259, 0.29967, 0.29561, 0.29416, 0.28666, 0.285, 0.2851, 0.28447, 0.28513, 0.29152, 0.28277, 0.27961, 0.27621, 0.26609, 0.27336, 0.26834, 0.27453, 0.26585, 0.26032, 0.26239, 0.25905, 0.25913, 0.25359, 0.25796, 0.25527, 0.24885, 0.25062, 0.25151, 0.2434, 0.24439, 0.23406, 0.24075, 0.23523, 0.22891, 0.23452, 0.22251, 0.22697, 0.22476, 0.22714, 0.21827, 0.21525, 0.21428, 0.20703, 0.21346, 0.20399, 0.20362, 0.20413, 0.20028, 0.19796, 0.19538, 0.19177, 0.18817, 0.188, 0.18036, 0.1787, 0.1781, 0.18242, 0.17497, 0.16758, 0.16532, 0.16405, 0.16099, 0.161, 0.15441, 0.15163, 0.15016, 0.14799, 0.141, 0.14414, 0.13733, 0.13578, 0.13975, 0.12714, 0.12678, 0.12725, 0.12153, 0.12123, 0.11367, 0.11231, 0.10718, 0.10759, 0.09942, 0.10211, 0.10197, 0.09338, 0.0895, 0.08954, 0.08552, 0.08412, 0.0783, 0.07941, 0.07533, 0.06945, 0.07033, 0.06475, 0.06541, 0.06294, 0.05487, 0.05363, 0.05368, 0.04989, 0.0445, 0.04083, 0.04253, 0.03995, 0.03679, 0.0294, 0.03172, 0.02675, 0.02415, 0.0237, 0.02216, 0.02009, 0.01769, 0.01499, 0.01496, 0.01239, 0.01085, 0.01022, 0.0071, 0.00527, 0.00445, 0.00427, 0.00421, 0.00309, 0.00281, 0.00262, 0.00255, 0.00301, 0.00238, 0.00242, 0.00211, 0.00217, 0.00186, 0.00193, 0.00188, 0.00191, 0.00169, 0.00174, 0.00162, 0.00167, 0.00162, 0.00165, 0.00171, 0.00174, 0.00168, 0.00155, 0.0017, 0.00163, 0.0016, 0.00161], "test_acc": [41.71, 54.32, 65.17, 71.89, 73.24, 77.8, 80.98, 74.27, 76.46, 81.05, 80.82, 81.31, 78.64, 82.52, 81.62, 81.66, 83.8, 80.02, 83.16, 83.08, 83.28, 81.59, 79.9, 82.51, 84.45, 78.31, 81.66, 84.31, 82.6, 83.33, 84.27, 81.86, 85.05, 83.27, 84.45, 82.82, 85.4, 81.04, 85.8, 83.9, 83.86, 87.41, 84.87, 84.12, 83.27, 83.1, 85.45, 83.56, 82.58, 84.84, 83.07, 84.89, 83.79, 83.75, 86.68, 87.72, 85.34, 82.96, 86.19, 85.55, 85.73, 84.45, 83.12, 86.49, 76.86, 85.84, 85.02, 84.07, 84.1, 87.99, 86.96, 87.44, 87.77, 86.89, 87.77, 88.05, 88.33, 88.39, 86.99, 88.16, 86.01, 88.55, 84.64, 87.63, 88.37, 85.44, 88.98, 87.68, 87.01, 88.11, 85.02, 88.93, 86.57, 89.43, 84.71, 86.88, 88.55, 89.09, 88.05, 89.47, 87.06, 88.54, 88.3, 87.68, 90.32, 88.69, 90.15, 90.47, 87.94, 86.07, 87.21, 88.54, 90.78, 89.91, 89.99, 89.09, 89.46, 86.16, 87.72, 90.5, 90.88, 90.88, 88.0, 90.89, 88.42, 90.6, 91.4, 91.76, 89.17, 91.34, 90.96, 91.67, 91.72, 91.31, 90.42, 92.09, 91.9, 91.78, 91.49, 91.47, 92.35, 92.17, 91.72, 92.1, 92.33, 91.3, 91.78, 92.58, 92.47, 92.7, 92.73, 92.54, 92.33, 93.38, 92.67, 93.13, 93.48, 93.21, 93.36, 93.37, 93.66, 93.27, 93.86, 93.97, 94.1, 94.66, 94.15, 94.4, 94.8, 94.37, 94.95, 94.66, 94.94, 95.11, 95.11, 94.99, 95.14, 95.04, 95.08, 95.08, 95.17, 95.25, 95.34, 95.31, 95.32, 95.29, 95.28, 95.39, 95.37, 95.34, 95.33, 95.36, 95.29, 95.43, 95.3, 95.46, 95.44, 95.32, 95.31, 95.32], "profiles": []}