{"method": "sgd", "seed": 43, "cfg": {"lr": 0.1, "momentum": 0.9, "weight_decay": 0.0005, "epochs": 200, "batch_size": 128, "use_sam": false, "rho": 0.0, "lam_base": 0.0, "lam_sign": 0}, "train_loss": [2.02307, 1.42207, 1.11474, 0.90036, 0.75767, 0.64481, 0.58152, 0.53877, 0.50345, 0.48558, 0.45748, 0.45059, 0.43438, 0.43047, 0.41152, 0.40054, 0.39348, 0.38299, 0.38528, 0.37929, 0.36599, 0.36675, 0.35903, 0.36162, 0.35297, 0.34941, 0.34759, 0.34693, 0.34243, 0.33732, 0.33286, 0.33567, 0.33403, 0.3281, 0.32701, 0.32497, 0.32473, 0.32208, 0.32409, 0.32035, 0.3101, 0.31328, 0.3124, 0.3098, 0.30876, 0.29804, 0.30429, 0.29887, 0.29935, 0.29439, 0.29459, 0.29669, 0.28498, 0.28822, 0.2874, 0.29218, 0.28545, 0.28246, 0.27722, 0.278, 0.28185, 0.27173, 0.28083, 0.27257, 0.2631, 0.2677, 0.26859, 0.26108, 0.26352, 0.26001, 0.25322, 0.25753, 0.25184, 0.2488, 0.25508, 0.2436, 0.24211, 0.24482, 0.243, 0.23739, 0.23711, 0.23058, 0.23063, 0.23307, 0.2252, 0.22315, 0.22457, 0.21518, 0.21755, 0.21312, 0.21474, 0.21092, 0.20847, 0.20861, 0.20365, 0.2047, 0.19602, 0.19184, 0.19666, 0.18627, 0.18879, 0.1814, 0.18656, 0.18198, 0.17682, 0.17329, 0.17021, 0.17356, 0.16799, 0.15989, 0.15983, 0.1591, 0.15193, 0.15714, 0.14616, 0.14529, 0.14539, 0.14058, 0.13735, 0.134, 0.13423, 0.13146, 0.12788, 0.12533, 0.11752, 0.12398, 0.11761, 0.10991, 0.10933, 0.10547, 0.10904, 0.09721, 0.09873, 0.09508, 0.09366, 0.08924, 0.09114, 0.08509, 0.07604, 0.08172, 0.07574, 0.07131, 0.06301, 0.06605, 0.06179, 0.06167, 0.05599, 0.05643, 0.0518, 0.04922, 0.04431, 0.04317, 0.0414, 0.04099, 0.03702, 0.03485, 0.03252, 0.03001, 0.02533, 0.02208, 0.02005, 0.01767, 0.01563, 0.01415, 0.01436, 0.01061, 0.00942, 0.01056, 0.00754, 0.00662, 0.00574, 0.00492, 0.0047, 0.00337, 0.00357, 0.00276, 0.00263, 0.00201, 0.00202, 0.00204, 0.00191, 0.00185, 0.00169, 0.00175, 0.00174, 0.00165, 0.00171, 0.00164, 0.00161, 0.00169, 0.00172, 0.00159, 0.00166, 0.00154, 0.00166, 0.00161, 0.00158, 0.00162, 0.00153, 0.0017], "test_acc": [41.37, 49.74, 62.4, 68.75, 74.88, 72.48, 74.16, 78.49, 79.24, 73.4, 81.01, 80.05, 80.1, 83.64, 82.64, 76.42, 80.55, 72.14, 84.89, 82.94, 81.07, 82.44, 83.87, 83.11, 83.89, 83.91, 77.25, 85.05, 83.01, 80.97, 84.89, 84.64, 84.7, 82.15, 85.24, 82.85, 85.88, 84.48, 83.93, 84.81, 84.86, 83.34, 84.23, 85.67, 83.89, 83.44, 80.51, 86.36, 84.42, 86.91, 82.28, 87.55, 85.82, 86.23, 85.74, 87.06, 85.16, 82.33, 85.59, 83.37, 85.36, 84.63, 83.06, 85.06, 82.57, 86.69, 84.73, 85.96, 88.22, 87.72, 86.8, 87.7, 83.69, 80.32, 80.55, 87.93, 88.72, 86.35, 88.45, 86.07, 89.08, 87.31, 84.79, 87.91, 86.11, 86.79, 87.52, 86.15, 85.88, 88.32, 83.13, 86.59, 82.39, 86.69, 89.26, 89.15, 88.14, 88.27, 89.03, 88.63, 89.38, 88.94, 86.92, 88.66, 86.44, 87.64, 89.15, 89.06, 88.18, 87.78, 90.27, 85.37, 90.41, 90.34, 86.39, 88.46, 89.48, 89.65, 91.37, 90.62, 88.05, 89.87, 90.81, 89.38, 89.98, 90.39, 90.91, 91.46, 89.71, 91.39, 92.13, 88.61, 91.32, 91.55, 90.78, 92.09, 91.61, 90.88, 91.8, 91.59, 92.01, 92.31, 91.9, 92.0, 91.88, 92.77, 92.04, 92.69, 91.68, 92.66, 92.48, 92.66, 91.93, 91.57, 93.03, 92.91, 92.72, 92.79, 93.37, 93.99, 94.07, 93.19, 93.94, 93.93, 94.59, 94.52, 94.52, 94.01, 94.69, 94.57, 94.86, 94.94, 95.07, 95.29, 95.35, 95.19, 95.33, 95.4, 95.46, 95.37, 95.41, 95.38, 95.44, 95.5, 95.48, 95.4, 95.51, 95.43, 95.47, 95.47, 95.56, 95.47, 95.52, 95.5, 95.53, 95.52, 95.47, 95.45, 95.48, 95.57], "profiles": []}