{"method": "sgd", "seed": 44, "cfg": {"lr": 0.1, "momentum": 0.9, "weight_decay": 0.0005, "epochs": 200, "batch_size": 128, "use_sam": false, "rho": 0.0, "lam_base": 0.0, "lam_sign": 0}, "train_loss": [1.94942, 1.43849, 1.14657, 0.91103, 0.74163, 0.64227, 0.58533, 0.53991, 0.51476, 0.49786, 0.47393, 0.45993, 0.45111, 0.43821, 0.42885, 0.41644, 0.40655, 0.39912, 0.3997, 0.37991, 0.38174, 0.3758, 0.37359, 0.36299, 0.36287, 0.35597, 0.35927, 0.3576, 0.34551, 0.34036, 0.34357, 0.3419, 0.33626, 0.33922, 0.33527, 0.32941, 0.32194, 0.3256, 0.32246, 0.31733, 0.32016, 0.31596, 0.3136, 0.31466, 0.31521, 0.30301, 0.30726, 0.30198, 0.30454, 0.29374, 0.29708, 0.29476, 0.29252, 0.29286, 0.29544, 0.29186, 0.2862, 0.28398, 0.27931, 0.28234, 0.27769, 0.28145, 0.27121, 0.27394, 0.27181, 0.26943, 0.26264, 0.26531, 0.25699, 0.25999, 0.25442, 0.25903, 0.25548, 0.25024, 0.246, 0.24341, 0.24311, 0.24444, 0.23622, 0.23944, 0.2316, 0.22953, 0.23643, 0.22497, 0.23591, 0.2233, 0.22669, 0.21694, 0.21325, 0.21574, 0.21179, 0.21045, 0.20751, 0.19952, 0.19975, 0.19558, 0.20163, 0.19699, 0.18929, 0.18827, 0.18656, 0.18766, 0.18462, 0.17903, 0.17615, 0.17538, 0.16832, 0.16327, 0.16639, 0.16613, 0.15434, 0.15657, 0.15663, 0.15538, 0.14045, 0.14752, 0.14518, 0.1384, 0.13715, 0.13134, 0.13021, 0.12366, 0.12469, 0.12391, 0.11966, 0.11889, 0.11265, 0.11007, 0.10669, 0.105, 0.09782, 0.09942, 0.09163, 0.09522, 0.08591, 0.0822, 0.08643, 0.07813, 0.0794, 0.07435, 0.07259, 0.06645, 0.0702, 0.06071, 0.05997, 0.05964, 0.05068, 0.05539, 0.04584, 0.04933, 0.04234, 0.04309, 0.03781, 0.03708, 0.03417, 0.03118, 0.02637, 0.02538, 0.01896, 0.01989, 0.01687, 0.01435, 0.01487, 0.01309, 0.01171, 0.00924, 0.00762, 0.00728, 0.0062, 0.00504, 0.0037, 0.00367, 0.00356, 0.00317, 0.00321, 0.0026, 0.00205, 0.00217, 0.00211, 0.00208, 0.00199, 0.00188, 0.00185, 0.00204, 0.00178, 0.0018, 0.00162, 0.00177, 0.00172, 0.00172, 0.0018, 0.00173, 0.00162, 0.00173, 0.00168, 0.00173, 0.0017, 0.00173, 0.00169, 0.00163], "test_acc": [40.93, 52.64, 58.2, 66.13, 76.78, 73.66, 74.79, 79.13, 75.05, 79.23, 80.26, 80.27, 77.67, 79.96, 77.59, 79.89, 80.78, 80.85, 82.46, 77.61, 80.58, 81.34, 81.17, 83.54, 80.39, 83.77, 85.6, 85.71, 79.61, 84.34, 85.28, 83.48, 84.49, 84.65, 85.32, 85.66, 85.15, 82.27, 86.66, 84.78, 83.14, 85.26, 82.64, 81.95, 83.82, 84.09, 85.96, 84.32, 85.09, 83.44, 84.88, 78.69, 79.62, 84.39, 84.58, 82.84, 84.91, 85.49, 84.22, 84.53, 85.04, 84.67, 81.86, 87.68, 86.68, 88.93, 86.3, 85.51, 85.04, 85.79, 86.17, 82.17, 84.21, 87.18, 87.21, 85.82, 86.41, 87.48, 85.92, 87.48, 87.91, 84.05, 87.64, 83.15, 85.52, 85.55, 88.6, 88.55, 85.58, 88.38, 89.34, 88.44, 87.69, 84.93, 83.9, 87.14, 87.1, 87.52, 89.43, 88.49, 85.76, 88.98, 85.02, 89.24, 88.58, 90.34, 88.19, 89.17, 88.28, 88.57, 90.82, 89.08, 88.72, 89.7, 89.92, 89.5, 88.36, 90.03, 91.75, 91.05, 91.08, 90.66, 91.18, 90.47, 90.88, 90.32, 90.54, 91.01, 90.23, 91.67, 91.3, 89.99, 89.96, 91.3, 91.5, 92.0, 91.7, 91.16, 91.91, 91.85, 92.14, 92.13, 92.65, 91.75, 91.28, 92.83, 92.68, 92.86, 92.63, 92.52, 92.97, 92.83, 93.46, 92.23, 93.37, 93.36, 93.85, 93.36, 93.93, 93.86, 94.01, 93.87, 93.97, 94.18, 94.18, 94.21, 94.42, 94.47, 94.93, 94.89, 94.88, 94.92, 94.89, 94.81, 95.03, 95.02, 95.07, 95.32, 95.3, 95.37, 95.3, 95.29, 95.28, 95.33, 95.35, 95.41, 95.42, 95.4, 95.44, 95.5, 95.43, 95.46, 95.49, 95.51, 95.4, 95.48, 95.36, 95.5, 95.53, 95.5], "profiles": []}