{"method": "sgd", "seed": 46, "cfg": {"lr": 0.1, "momentum": 0.9, "weight_decay": 0.0005, "epochs": 200, "batch_size": 128, "use_sam": false, "rho": 0.0, "lam_base": 0.0, "lam_sign": 0}, "train_loss": [2.07169, 1.47642, 1.19392, 0.9663, 0.82697, 0.72102, 0.64146, 0.57639, 0.53918, 0.51701, 0.49564, 0.47646, 0.45792, 0.44221, 0.42698, 0.42101, 0.41324, 0.4022, 0.38977, 0.38803, 0.3802, 0.37291, 0.37205, 0.37435, 0.36228, 0.35708, 0.35535, 0.35786, 0.34699, 0.34704, 0.34561, 0.33524, 0.32811, 0.33751, 0.33391, 0.3311, 0.3266, 0.32465, 0.32619, 0.32514, 0.31753, 0.31835, 0.31116, 0.31231, 0.307, 0.30263, 0.30881, 0.30441, 0.31241, 0.30515, 0.29596, 0.29939, 0.29482, 0.29698, 0.29217, 0.28719, 0.2882, 0.28146, 0.28233, 0.28491, 0.27989, 0.27488, 0.27451, 0.27524, 0.27287, 0.26706, 0.27495, 0.26159, 0.25926, 0.25816, 0.25602, 0.25904, 0.25184, 0.25642, 0.25294, 0.24558, 0.25085, 0.24289, 0.24423, 0.23755, 0.23633, 0.2323, 0.2339, 0.23089, 0.23057, 0.22599, 0.22294, 0.22023, 0.21535, 0.21803, 0.21413, 0.2046, 0.20799, 0.19904, 0.20836, 0.19896, 0.19822, 0.19995, 0.19143, 0.19298, 0.18817, 0.18571, 0.18098, 0.17762, 0.17649, 0.17417, 0.17202, 0.16961, 0.16325, 0.16114, 0.16403, 0.16108, 0.15325, 0.1515, 0.15061, 0.14274, 0.14273, 0.14101, 0.13878, 0.13503, 0.12776, 0.12678, 0.12809, 0.12345, 0.12097, 0.11457, 0.11307, 0.1101, 0.11029, 0.10498, 0.10277, 0.09379, 0.09472, 0.09544, 0.09049, 0.08627, 0.08423, 0.07716, 0.08422, 0.07078, 0.072, 0.07235, 0.06675, 0.06014, 0.06416, 0.06048, 0.0545, 0.04971, 0.04642, 0.05023, 0.04418, 0.0389, 0.03722, 0.03537, 0.03443, 0.03052, 0.02542, 0.02184, 0.0218, 0.02325, 0.01993, 0.0156, 0.01561, 0.01222, 0.0119, 0.00983, 0.00921, 0.00726, 0.00517, 0.00624, 0.00474, 0.00383, 0.00318, 0.003, 0.00265, 0.00246, 0.00217, 0.00236, 0.00217, 0.00189, 0.00195, 0.00187, 0.00191, 0.002, 0.00196, 0.00175, 0.00178, 0.00178, 0.00179, 0.00175, 0.00169, 0.00165, 0.00173, 0.00173, 0.00161, 0.00184, 0.00177, 0.00166, 0.00169, 0.00168], "test_acc": [38.61, 50.05, 60.97, 67.97, 67.69, 68.17, 71.87, 77.98, 76.74, 76.5, 79.86, 81.72, 75.74, 83.93, 82.74, 79.62, 81.15, 81.06, 83.18, 83.57, 80.01, 82.7, 82.22, 84.74, 84.3, 85.26, 82.15, 83.36, 82.68, 85.0, 86.22, 87.03, 77.89, 82.84, 85.71, 81.28, 83.61, 84.68, 86.52, 84.48, 84.09, 86.62, 85.62, 82.55, 86.69, 82.26, 85.73, 82.5, 81.81, 86.76, 85.08, 86.84, 81.35, 87.37, 82.41, 85.54, 87.87, 86.76, 83.08, 81.22, 79.21, 85.65, 86.24, 85.06, 84.46, 86.66, 86.11, 83.23, 86.14, 83.89, 84.51, 86.91, 83.75, 86.14, 87.73, 87.29, 88.44, 85.26, 87.62, 85.92, 87.32, 86.84, 89.36, 88.08, 87.96, 88.25, 88.07, 87.2, 83.22, 88.96, 86.04, 89.52, 87.93, 87.84, 87.95, 87.6, 88.2, 88.92, 87.44, 89.09, 88.73, 88.3, 88.23, 91.06, 88.17, 90.7, 90.19, 89.74, 88.77, 89.27, 91.43, 88.06, 89.32, 90.65, 90.2, 89.22, 89.96, 90.27, 89.35, 90.71, 91.2, 89.06, 90.58, 91.76, 89.35, 91.05, 90.46, 90.33, 90.09, 92.15, 90.51, 89.05, 89.96, 90.94, 91.01, 91.13, 91.41, 92.23, 91.49, 90.78, 92.2, 90.67, 92.26, 91.41, 92.1, 91.67, 92.23, 92.47, 91.55, 92.32, 92.98, 92.91, 93.28, 93.42, 92.03, 93.13, 93.37, 93.85, 93.08, 93.47, 93.81, 93.92, 94.24, 94.29, 94.2, 94.2, 94.58, 94.9, 95.07, 94.76, 94.69, 95.0, 94.95, 95.06, 94.89, 95.16, 95.16, 95.2, 95.12, 95.18, 95.34, 95.26, 95.43, 95.3, 95.29, 95.31, 95.37, 95.45, 95.53, 95.53, 95.44, 95.4, 95.39, 95.47, 95.45, 95.41, 95.38, 95.45, 95.42, 95.44], "profiles": []}