{
  "experiment": "P1_verification_attention_entropy_vs_cka",
  "model": "gpt2",
  "n_layers": 12,
  "n_heads": 12,
  "n_sentences": 10,
  "device": "cuda",
  "layer_data": {
    "E_l": [
      2.124486667414506,
      2.5010914802551274,
      2.1331269750992456,
      1.6522924413283664,
      1.4768958695155256,
      1.2715829649319255,
      1.3695181843514244,
      1.00623719021678,
      1.3842585810770591,
      1.0310925266395015,
      1.1282643511891366,
      1.5471806655327476
    ],
    "E_l_std": [
      0.1166140536327573,
      0.1544584671582343,
      0.10000419430604854,
      0.07591347173258327,
      0.12204133256429764,
      0.11494023656334401,
      0.08882647564780957,
      0.08170719984343941,
      0.09210762509750264,
      0.09942024376448254,
      0.10960189206913136,
      0.07344267431807554
    ],
    "CKA": [
      0.9209644496440887,
      0.9611254274845124,
      0.9998121976852417,
      0.9999627411365509,
      0.9999585807323456,
      0.9999722242355347,
      0.9999819040298462,
      0.9999842345714569,
      0.9999633669853211,
      0.9999443411827087,
      0.9998496413230896,
      0.34784906059503556
    ],
    "Theta_CKA": [
      0.07903555035591125,
      0.03887457251548765,
      0.0001878023147583452,
      3.7258863449074475e-05,
      4.141926765444115e-05,
      2.777576446533203e-05,
      1.809597015378639e-05,
      1.576542854309082e-05,
      3.6633014678932874e-05,
      5.5658817291304175e-05,
      0.00015035867691037819,
      0.6521509394049645
    ]
  },
  "correlation": {
    "spearman_rho": 0.6294,
    "spearman_p": 0.02832,
    "pearson_r": 0.081,
    "pearson_p": 0.802382
  },
  "funnel_pattern": {
    "kendall_tau": -0.5152,
    "kendall_p": 0.02098,
    "pattern": "単調減少"
  },
  "hypothesis_judgment": {
    "threshold": "rho >= 0.5 and p < 0.05",
    "supported": true,
    "rejected": false
  }
}