{
  "experiment": "P1_verification_v2_rbf_cka",
  "model": "gpt2",
  "n_layers": 12,
  "n_sentences": 10,
  "device": "cuda",
  "layer_data": {
    "E_l": [
      2.124486667414506,
      2.5010914802551274,
      2.1331269750992456,
      1.6522924413283664,
      1.4768958695155256,
      1.2715829649319255,
      1.3695181843514244,
      1.00623719021678,
      1.3842585810770591,
      1.0310925266395015,
      1.1282643511891366,
      1.5471806655327476
    ],
    "E_l_std": [
      0.1166140536327573,
      0.1544584671582343,
      0.10000419430604854,
      0.07591347173258327,
      0.12204133256429764,
      0.11494023656334401,
      0.08882647564780957,
      0.08170719984343941,
      0.09210762509750264,
      0.09942024376448254,
      0.10960189206913136,
      0.07344267431807554
    ],
    "RBF_CKA": [
      0.6502428924999547,
      0.9888487789537947,
      0.9889898648019567,
      0.990387267031266,
      0.9935294539379141,
      0.9919632275999735,
      0.9928524769771071,
      0.9901222826629349,
      0.9854260060859096,
      0.9809820135985344,
      0.9703199865841199,
      0.5080502329868131
    ],
    "Theta_RBF": [
      0.3497571075000453,
      0.01115122104620525,
      0.01101013519804328,
      0.009612732968733995,
      0.006470546062085858,
      0.008036772400026537,
      0.007147523022892899,
      0.009877717337065106,
      0.014573993914090422,
      0.01901798640146557,
      0.029680013415880113,
      0.49194976701318693
    ],
    "Procrustes_dist": [
      0.07213494578811677,
      0.26678284456505474,
      0.029274524245288664,
      8.29666479804601e-05,
      7.112429073005317e-05,
      8.740684099820854e-05,
      9.874467017020618e-05,
      0.00018264224161012696,
      0.000358415546000904,
      0.0006444181083910122,
      0.0015684706336240397,
      0.659726570260549
    ],
    "Angular_dist": [
      0.8129567265510559,
      0.20306510329246522,
      0.5075916945934296,
      0.006241112947463989,
      0.005471271276473999,
      0.006281024217605591,
      0.007268935441970825,
      0.009754008054733277,
      0.014554852247238159,
      0.02055572271347046,
      0.03528985381126404,
      0.7510373592376709
    ]
  },
  "correlations": {
    "Θ_RBF": {
      "spearman_rho": 0.1049,
      "spearman_p": 0.745609,
      "pearson_r": 0.2148,
      "pearson_p": 0.502582
    },
    "Θ_Proc": {
      "spearman_rho": 0.3916,
      "spearman_p": 0.208063,
      "pearson_r": 0.2999,
      "pearson_p": 0.343542
    },
    "Θ_Ang": {
      "spearman_rho": 0.3846,
      "spearman_p": 0.21702,
      "pearson_r": 0.5657,
      "pearson_p": 0.055251
    }
  },
  "funnel_pattern": {
    "kendall_tau": -0.5152,
    "kendall_p": 0.02098
  },
  "saturation_resolved": {
    "Theta_RBF": {
      "mean": 0.0807,
      "std": 0.155,
      "cv": 1.9208,
      "n_nonzero": 12
    },
    "Theta_Proc": {
      "mean": 0.0859,
      "std": 0.1879,
      "cv": 2.1875,
      "n_nonzero": 5
    },
    "Theta_Ang": {
      "mean": 0.1983,
      "std": 0.2964,
      "cv": 1.4942,
      "n_nonzero": 12
    }
  },
  "hypothesis_judgment": {
    "any_supported": false,
    "all_rejected": true,
    "best_metric": "Θ_Proc",
    "best_rho": 0.3916,
    "best_p": 0.208063
  }
}